video_id,comment_id,author_channel_id,published_at,updated_at,like_count,reply_count,text,sent_compound
cWgBs2I51_w,Ugx7UOrvAo7xdM4Z1OF4AaABAg,UCZ3TgfzASPCa89h5Nb7T6FA,2025-10-19T19:17:58Z,2025-10-19T19:17:58Z,4549,36,"Maguire, once a meme, now a legend",0.0
cWgBs2I51_w,Ugztmro7rxgEovHvpgl4AaABAg,UCb01tmImRBD5t0Q9Eza5_0w,2025-10-19T18:46:54Z,2025-10-19T18:46:54Z,2394,10,Ain‚Äôt no way harry maguire scored at anfield before 150m Wirtz and Isak üòÇüòÇüòÇüòÇ,0.8555
cWgBs2I51_w,UgxWvk-vPbrYeHwEmw94AaABAg,UCMxs6HCKMhTDw3UMWOEDxFg,2025-10-19T18:24:26Z,2025-10-19T18:24:26Z,2615,20,Someone clip Neville‚Äôs moan when Maguire scored üòÇ,0.3182
cWgBs2I51_w,Ugzhdb8Jjr8r_D0pGRR4AaABAg,UC6jI36Xe55bt8Aq8TAj4QqA,2025-10-19T18:24:02Z,2025-10-19T18:24:02Z,1827,10,Poetic that Maguire who skied the winner at 2-2 last year at the same fixture and venue scores the winner today. Class player with a top tier mentality man.,0.8555
cWgBs2I51_w,UgxFgvZ1FASnwdfgziV4AaABAg,UCxCY0buhXFCZ7HkaKsOhHbg,2025-10-19T19:45:05Z,2025-10-19T19:45:05Z,338,3,"üòÇ When McGuire slid, I expected him to keep sliding like that one GEICO commercial.",0.6597
cWgBs2I51_w,Ugx4mg7PjClLrUPPv6J4AaABAg,UC_am1UtbaakO_iThbMX5u1A,2025-10-19T18:22:35Z,2025-10-19T18:22:35Z,2312,23,"Fantastic performance by United 
10 years without a win in Anfield is over",0.5152
cWgBs2I51_w,UgxKc2v1RqC8NWT_IQ94AaABAg,UCYzNkqrCudye0KxSifdAM6A,2025-10-19T18:23:15Z,2025-10-19T18:23:25Z,1235,24,crazy that a few seasons ago Harry Maguire was one of the most despised players at Man U and now he's one of our biggest game changers,-0.659
cWgBs2I51_w,UgwZi5qITWovbfQkiPN4AaABAg,UCpXPRi4m6fH7jpdKQUD9A2g,2025-10-19T18:22:21Z,2025-10-19T18:22:21Z,1254,12,"Well, he finally won two straight Premier League matches‚Ä¶",0.7717
cWgBs2I51_w,UgzARBlKe2J7Ho9kmdd4AaABAg,UCQuNUCmrv5zsdBZAs2vd9Eg,2025-10-19T18:28:13Z,2025-10-19T18:28:13Z,814,22,Isak is walking alone üòÇüòÇüòÇ,0.7717
cWgBs2I51_w,Ugy8Sg1-hYJk9ompi-Z4AaABAg,UC2HgoSZ_IjUbhPVgNq2XH5Q,2025-10-19T19:00:12Z,2025-10-19T19:00:12Z,260,1,I laughed so hard when Maguire scored. You had this whole string of Liverpool highlights and they finally score only to fall behind again. Also that cross is unbelievable,0.4467
cWgBs2I51_w,UgxEyAjh6rR3t-PZjyh4AaABAg,UCMxs6HCKMhTDw3UMWOEDxFg,2025-10-19T18:23:30Z,2025-10-19T18:23:30Z,732,29,"Everyone is surprised, but Liverpool have played terrible relying on last minute goals and now their luck has run out",0.5267
cWgBs2I51_w,UgysBxMveKRsggfhuYJ4AaABAg,UCuSkqCenKXTppYnok9AlhbQ,2025-10-19T18:34:27Z,2025-10-19T18:34:27Z,324,6,The Manchester United fan is about to get his haircut soon üëÄ,0.6249
cWgBs2I51_w,UgyjN2dVV5UciVvkXid4AaABAg,UCuquBqcRaLlz8jKCupvQB6g,2025-10-19T18:22:45Z,2025-10-19T18:27:56Z,630,6,Manchester United‚Äôs first win at anfield since 2016! Get in!üî¥,0.658
cWgBs2I51_w,Ugx2cDqfCPo5WrHbDFR4AaABAg,UC20PEP7Kh86vdwY6V-ATzFA,2025-10-19T18:52:19Z,2025-10-19T18:52:19Z,304,4,"@2:15 the commentator is perplexed by the fact the ManU actually scored lol. 

‚ÄúWhat a start for Li‚Ä¶ Manchester United‚Äù",0.128
cWgBs2I51_w,Ugx5ie80Jw3bKK-jRS94AaABAg,UCuSkqCenKXTppYnok9AlhbQ,2025-10-19T18:55:04Z,2025-10-19T18:55:04Z,313,2,Finally United has a Goalkeeper !!!üí™,0.5684
cWgBs2I51_w,Ugx3X81-1_uhG2j61_B4AaABAg,UCZwCeWLF8XtNKRejm0tfQMw,2025-10-19T18:31:40Z,2025-10-19T18:31:40Z,135,1,"Man United fans: ""What is this? My mouth is forming this upside down frown shape. Is this natural?!""",0.7451
cWgBs2I51_w,UgxZOhTdYtG_s0RSUYd4AaABAg,UCwRR3fDK6btEz5KWn22YPNQ,2025-10-19T19:23:14Z,2025-10-19T19:23:14Z,53,0,uniteds goalkeeper was crazy,-0.34
cWgBs2I51_w,UgyRSJ15Hb0AubEXKs54AaABAg,UCuWdzn4sPU-fEW8aHIg3nGw,2025-10-19T18:50:50Z,2025-10-19T18:50:50Z,75,1,Maguire‚Ä¶ what a legend of the game.,0.0
cWgBs2I51_w,UgzrLPXIpmnjOf2xDuh4AaABAg,UCc0f1kTwddnMEyUaNZDLkXA,2025-10-19T20:43:23Z,2025-10-19T20:43:44Z,60,3,9:28 that one touch cross out of the air by Bruno is insane,-0.4019
cWgBs2I51_w,UgwOkf6GzILmq2Be6Tx4AaABAg,UCXxJWwIkcwOGzux3XMY4YVg,2025-10-19T18:31:21Z,2025-10-19T18:31:21Z,125,2,"First time Liverpool has lost four in a row in over a decade

First win for United at Anfield in a decade

First back-to-back wins under Amorim

Slabhead with the winner late

What a match",0.9153
cWgBs2I51_w,UgxNJdd9gubfUWlMt3R4AaABAg,UCMxs6HCKMhTDw3UMWOEDxFg,2025-10-19T18:23:00Z,2025-10-19T18:23:00Z,691,23,Gakpo turned into prime Darwin Nunez,0.0
cWgBs2I51_w,UgyIB9CrFyAEyH5h_yR4AaABAg,UCVpBxK1I-dIAz-lWty39PeQ,2025-10-19T21:32:26Z,2025-10-19T21:32:26Z,115,8,"Luis Diaz: I need a raise...
Liverpool: sorry we don't have any money
Luis Dias: ok I'm leaving
Liverpool: ok, lets go and spent $450 million in new signings 
Luis Diaz at Bayern 5 goals 4 assist
Ekitike, Wirtz, Isak, Kerkez, Frimpong : 3 goals 2 assist",0.2263
cWgBs2I51_w,Ugy-sugnyBAdUJXM8HZ4AaABAg,UCCX6D-HDssGi7AZeYcGYHUA,2025-10-19T18:37:28Z,2025-10-19T18:37:28Z,60,1,Harry freakin‚Äô Maguire üòÜü§£,0.6908
cWgBs2I51_w,UgzfgQLCsajzLBGt59h4AaABAg,UCWwfZEv0sR5ieV3ZqNNyRWQ,2025-10-19T18:37:38Z,2025-10-19T18:37:38Z,26,0,I can‚Äôt even begin to explain how happy this makes me,0.5719
cWgBs2I51_w,UgznDogVMTutiJYa8LF4AaABAg,UCdbFzoTSa3mh_UA4t0OoHmQ,2025-10-19T21:27:44Z,2025-10-19T21:27:44Z,31,1,Lammens is a great goalkeeper. Unlike the previous two,0.6249
cWgBs2I51_w,Ugy-0KI9-kD5KSEWG8p4AaABAg,UC_am1UtbaakO_iThbMX5u1A,2025-10-19T18:21:44Z,2025-10-19T18:21:44Z,101,1,Lord Maguire saved United üéâüéâüéâüéâ,0.9371
cWgBs2I51_w,UgwnyVjytn4v2-pHegp4AaABAg,UCPXSGEpUYDMl6KpVxKny30A,2025-10-19T20:44:04Z,2025-10-19T20:44:04Z,23,0,Oh how much Liverpool misses Luis Diaz. Good job Man United!,0.6239
cWgBs2I51_w,UgyYvBV7eE_mLidg2C14AaABAg,UCUljV96a0U7Q917tqRiVCZQ,2025-10-19T19:29:17Z,2025-10-19T19:29:17Z,76,9,"6:02 totally disagree with this piece of commentary.  The decision to stay or come sweep the ball is made in a split second, and it's not even THAT far ahead of Isak.  Lammens decides to stay and positions himself perfectly for the save.  I've never heard of a keeper being ""lucky"" to make a 1v1 save.  

Lammens did brilliant there and overall had a fantastic game.",0.9578
cWgBs2I51_w,UgxrM-li8BQeuIPFbA54AaABAg,UCRoFDn2UoMBvdWyKnxsQozQ,2025-10-19T19:08:49Z,2025-10-19T19:08:49Z,64,2,"If there is one thing you can‚Äôt deny, it‚Äôs that Maguire is ALWAYS an aerial threat.",-0.7003
cWgBs2I51_w,UgzYZdAPqAhf_OFRZTR4AaABAg,UCi0VYdYiB9QAhqReu3MBLjQ,2025-10-19T18:25:59Z,2025-10-19T18:25:59Z,13,0,I knew it was about to go down when the cameraman showed us Mcguire üòÇ,0.4404
cWgBs2I51_w,UgxW3Lrz8gFNuT7VYqd4AaABAg,UCiF4nn5onxUam7r1unmLF_Q,2025-10-19T18:38:00Z,2025-10-19T18:38:00Z,13,0,ÊàëÊòØÊõºËÅîÁöÑÁêÉËø∑„ÄÇÂ§™Ê£í‰∫ÜÔºåÁêÉÈòüÂ•Ω‰πÖÂ•Ω‰πÖÔºåÂ•Ω‰πÖÊ≤°ÊúâÂú®Âà©Áâ©Êµ¶ÁöÑ‰∏ªÂú∫Ëµ¢ÁêÉ‰∫Ü„ÄÇüòä,0.7184
cWgBs2I51_w,UgwbpP0uSfLF-s9J2lB4AaABAg,UCSEGTPfpaz2dD2FXEOoke4g,2025-10-20T20:31:33Z,2025-10-20T20:31:33Z,2,0,"Chiesa has cemented his starting spot, don‚Äôt know why they don‚Äôt start him lol",0.4215
cWgBs2I51_w,UgziTyR2VksS1rguc0p4AaABAg,UCSY-gK4KY8gk4_3E9oJqNtQ,2025-10-19T18:32:09Z,2025-10-19T18:32:09Z,53,1,"Don‚Äôt care what you say, Maguire is a Untied legend.",0.4939
cWgBs2I51_w,UgyUBWzSxEuenVF3dAx4AaABAg,UCrV9nBjBn3wgkvp8zDLR4YA,2025-10-20T18:42:47Z,2025-10-20T18:42:47Z,2,0,Gakpo is so underrated!! What a gem üíé,0.0
cWgBs2I51_w,Ugx7ALzvHUgQdMAB4wB4AaABAg,UCMAhA9iCVYG_uTf43S5d0Zw,2025-10-19T18:23:29Z,2025-10-19T18:23:29Z,90,6,We love you Man United ‚ù§‚ù§‚ù§,0.9666
cWgBs2I51_w,UgxU6Ocrzr97MvPR-bB4AaABAg,UCD5D2xuYwvbWoJhkJ0zkQnA,2025-10-21T18:38:20Z,2025-10-21T18:38:20Z,1,0,That Knee Slide was cold ngl,0.0
cWgBs2I51_w,UgzqdagtaDy5Qw3m7hJ4AaABAg,UCCZeU1dSRkMnl6M11lOv4aQ,2025-10-20T13:45:43Z,2025-10-20T13:45:43Z,6,0,1:44 why Casemiro keep on slapping bro like that.üòÇ,0.6597
cWgBs2I51_w,UgzB2qHvtTuvCwi21Mt4AaABAg,UCSJh8ISBpRFJCC4Cwp1CdrA,2025-10-20T17:51:40Z,2025-10-20T17:51:40Z,0,0,Amorim always does well in the big games it‚Äôs like the pressure is off,0.34
cWgBs2I51_w,UgxEzyq9KG9VqVZqKxV4AaABAg,UC8RfwLMo_z3WAWQeUlLjJeg,2025-10-19T20:55:10Z,2025-10-19T20:55:10Z,5,0,Why Casemiro slapped Amad and looked at him like that? üòÇüòÇüòÇ,0.8807
cWgBs2I51_w,UgwKY5nPwRKBnFfdsSV4AaABAg,UCgJiLHmm1u2jx9JU2adXWXw,2025-10-20T08:25:03Z,2025-10-20T08:25:03Z,1,0,harry maguire gained +1000 aura tonight,0.3818
cWgBs2I51_w,Ugz5PhM2LbNdSPEc0z94AaABAg,UC4393Zl8KJpI7HcMniI7pJQ,2025-10-19T21:24:59Z,2025-10-19T21:24:59Z,3,0,"The best player Cunha!! attacking, defending and creating chances!! Hats off",0.7482
cWgBs2I51_w,Ugxu3k_sX8jrMaUIdhF4AaABAg,UChiW5bQs7Hc-mv1eQzdEGzA,2025-10-20T02:38:49Z,2025-10-20T02:38:49Z,2,0,"The commentary that I was watching explicitly mentioning the ""big forehead of Harry Maguire"" was awesome!",0.6588
cWgBs2I51_w,UgxTT5iCoy06tFlL7lx4AaABAg,UCODh0GLEyhQX8IKZEfEg8-w,2025-10-19T22:20:09Z,2025-10-19T22:21:38Z,14,0,"We're a Chelsea/Liverpool family, or so I thought, my wife being 'pool and the rest of the family Chelsea. When my older son was 7, I asked him who his favorite player was, he proudly said Harry Maguire. Boy, we could not stop laughing. Despite the fam mocking his choice, he's stood by Harry 5 years and counting, thru the bad and good times, mostly bad. 
Unbelievably, Harry Maguire has a staunch fan in this Chelsea family!",0.6818
cWgBs2I51_w,Ugzpb42JUZcU1PaHAd14AaABAg,UC_synmG1A-WNPRiSAs_KarQ,2025-10-20T19:24:35Z,2025-10-20T19:24:35Z,0,0,"Even as a Liverpool fan, I admire United's team spirit after the whistle, which shows how much it means to them‚Äîmore than to our players, who didn't seem to care.",0.538
cWgBs2I51_w,UgxiYNFapeIa7SL2kOp4AaABAg,UCgR-wMoJ38BTafKYRWDovaQ,2025-10-19T18:28:16Z,2025-10-19T18:28:16Z,48,1,The 7 nil game blinds football fans to the fact that Liverpool have been getting a lot of poor results against United since,-0.0772
cWgBs2I51_w,UgyvOeaTwxRDsPo0Rx94AaABAg,UCaDielE7rBUmywcWbyyHi2A,2025-10-20T00:20:31Z,2025-10-20T00:20:31Z,1,0,"I‚Äôm so happy we got a GK, huge difference",0.7425
cWgBs2I51_w,Ugz4oHeiaqZma1PSvXl4AaABAg,UC7wjj4FRQC66v_HAkshwGAQ,2025-10-19T18:22:32Z,2025-10-19T18:22:32Z,43,0,Maguire you absolute beauty,0.5859
cWgBs2I51_w,UgzqsHEUgwhUUy4SwoV4AaABAg,UCl5bfE4_7LqVuV4oSNvYDxA,2025-10-22T01:35:12Z,2025-10-22T01:35:12Z,0,0,This was the first game in over a year that looked solid for Man U. Excellent win boys. That it was Liverpoo who you won against is icing on a brilliantly baked cake.,0.9501
cWgBs2I51_w,UgxO75g5UqTkcSslpTl4AaABAg,UCjPNw-DMMou21xMcHSHnPmg,2025-10-19T18:28:07Z,2025-10-19T18:28:07Z,85,0,"As an Arsenal fan, a 2nd minute United goal and late Maguire winner was objectively the funniest possible result üíÄ",0.91
cWgBs2I51_w,UgzQG3ezHSLn2RSWFmh4AaABAg,UCtk-wsVhjntnPQBbCt-Co4w,2025-10-22T13:43:51Z,2025-10-22T13:43:51Z,1,0,Whywhis casemiro slapping amad so much? üòÇ,0.4404
cWgBs2I51_w,UgxOdto8nUk5RGES-6h4AaABAg,UCdIWT3yyrCb8giRR60TIhQw,2025-10-19T20:00:22Z,2025-10-19T20:00:22Z,4,0,"I can‚Äôt believe my eyes, Maguire scored todayüòÆ",0.0
cWgBs2I51_w,UgwSPZs51BhNMaaxf0p4AaABAg,UCEu5YVLpKXE9HT3d8_q0r5A,2025-10-19T23:02:47Z,2025-10-19T23:02:47Z,1,0,Maguire hitting two legendary United gamewinners in a 6 month span is football heritage,0.4215
cWgBs2I51_w,UgyKByup-oMjFi7T_6Z4AaABAg,UCjKqi0ioK5_7uMGYcEaVTKg,2025-10-19T18:35:16Z,2025-10-19T18:36:11Z,10,0,üòÇüòÇüòÇüòÇ Liverpool has never won the PL when it's a close race,0.8226
cWgBs2I51_w,UgyahsOZ0_Z7SZsZ_Vd4AaABAg,UCnlvcCVTrhdFS7hcl4H1AWQ,2025-10-20T04:32:48Z,2025-10-20T04:32:48Z,1,0,"Maguire is a legend, he shows up always at the right time..",0.0
cWgBs2I51_w,UgyYw478_10bEGs0F-14AaABAg,UCVQahVQoqvX3KZefRtzA-iA,2025-10-19T18:27:33Z,2025-10-19T18:27:33Z,480,35,Slot being exposed for riding Klopp's hard work.,-0.1779
cWgBs2I51_w,Ugxve2N1PQiO4Mpz-Rx4AaABAg,UCC-RxZ-fD41EQ8oN5J3tAsg,2025-10-20T20:13:11Z,2025-10-20T20:13:11Z,0,0,Cody Nu√ëes.. hitting the post three times is crazy!!,-0.4559
cWgBs2I51_w,UgwJkpp6MrBuDon7zT94AaABAg,UCYoj5TAIBwWCGzfqupYeSqA,2025-10-19T18:44:49Z,2025-10-19T18:44:49Z,32,1,Harry Maguire have the cleanest knee slides in football history,0.0
cWgBs2I51_w,UgzdfFrjS8ALr24YTnd4AaABAg,UCwVb0LaXhBYoBwnnpqHQjiA,2025-10-19T21:37:03Z,2025-10-19T21:37:03Z,1,0,Never would have thought Mcguire of all people would be the one scoring last minute winners,0.4767
cWgBs2I51_w,Ugzuth8FfIG41V8VyqJ4AaABAg,UCmxPoVhb7p9b868QiXPr2sg,2025-10-19T18:34:47Z,2025-10-19T18:34:47Z,29,0,All hail Lord Harry Maguire.,0.0772
cWgBs2I51_w,UgwwQlNYKKK15cAHRPJ4AaABAg,UCwhF3vTW4iE8IrWSRl7FyrQ,2025-10-20T01:52:13Z,2025-10-20T01:52:13Z,1,0,Salahs glory days are long gone.üò¢üò¢,-0.4019
cWgBs2I51_w,Ugx7I1d0sxmgRtgH4gR4AaABAg,UCnECUIX6wCLO62xv5pvoVEw,2025-10-19T18:31:12Z,2025-10-19T18:31:12Z,88,1,Liverpools entire squad has adopted the finishing of Darwin Nunez. And he isnt even on the club anymore! üòÇüòÇ,0.7263
cWgBs2I51_w,Ugy5xsI5Dmtfh4Ax0rR4AaABAg,UCA7YfP1cRWEF2G5XRfVi33g,2025-10-19T22:42:33Z,2025-10-19T22:42:33Z,1,0,The knee slide by Maguire is legendary,0.0
cWgBs2I51_w,UgxLwHQLdZJibIhM5WF4AaABAg,UCnA0RPyWVCooQJH3tkgp5Mg,2025-10-19T18:44:05Z,2025-10-19T18:44:05Z,22,2,Gakpo underrated,0.0
cWgBs2I51_w,Ugy7j8fjhDFRJPMHgKB4AaABAg,UCTr7kgU0UDEovvWItqw8jNw,2025-10-20T12:48:29Z,2025-10-20T12:48:29Z,1,0,not a liverpool fan but i am a Chiesa fan and this is another showing that he should be in the starting 11 seems to be the only one being a real game changer for them this whole szn,0.3546
cWgBs2I51_w,UgxHu1yp15aees2dbiZ4AaABAg,UCFeJuQJbv0w6mTsL_TA-7cA,2025-10-19T20:14:11Z,2025-10-19T20:14:11Z,3,0,Cody with a hit trick with the post,-0.0516
cWgBs2I51_w,UgxDbO--4H7z63JA5f54AaABAg,UCT7NPjd0boAYUHEaiE--oIg,2025-10-20T21:52:27Z,2025-10-20T21:52:27Z,1,0,Cheisa needs more playtime he‚Äôs soo good,0.4404
cWgBs2I51_w,Ugzj7H6FuVfGVjX13o14AaABAg,UCBEG6F51FEx85NmavR-audw,2025-10-19T19:21:05Z,2025-10-19T19:21:05Z,4,0,"Maguire scoring always makes me think of that clip ""HARRY! HARRY POTTER!"" üòÇ",0.5399
cWgBs2I51_w,UgwAsB3KSeFh0p1zh494AaABAg,UCwrtybi-mMsYax46L-kG4lw,2025-10-19T22:15:06Z,2025-10-19T22:15:06Z,1,0,the absolute madladdery of a Maguire goal,0.0
cWgBs2I51_w,Ugx0NZbx-FfVZUMq1hl4AaABAg,UCiqwtGrQgfd8jB6Msk-bKNA,2025-10-19T18:38:05Z,2025-10-19T18:38:05Z,3,0,"This one is for our fans....after 10 years without a win at Anfield, it's time to celebrate.",0.1601
cWgBs2I51_w,Ugz6gYKPATKxnxaSyL54AaABAg,UCB3N_sGU-WYglvkyKag84OQ,2025-10-20T00:18:41Z,2025-10-20T00:18:41Z,1,0,I still dont understand how they added 8 minutes of stoppage time,0.0
cWgBs2I51_w,Ugwtqr-KxKWroMUgDqJ4AaABAg,UCn79EwBXSzbfFxD3MQDsn_Q,2025-10-19T22:54:17Z,2025-10-19T22:54:17Z,6,0,who would have thought in 2025 salah is now a burden and maguire is a hero having more g/a than liverpool's record signing? ü•∂,0.1779
cWgBs2I51_w,UgzmZsVCnR46YGvdaX54AaABAg,UCPpk6RqdA5pX4seRo7SZHLA,2025-10-20T01:28:23Z,2025-10-20T01:28:23Z,1,0,Who would have thought a few years ago that Harry would be scoring a game winner against Liverpool at Anfield.,0.5859
cWgBs2I51_w,UgxRmfBwkuNSNXHfvMt4AaABAg,UCuk7CB9Cpx6NZioQLQMZetQ,2025-10-19T21:05:26Z,2025-10-19T21:05:26Z,8,0,Something‚Äôs wrong with Van Djik why are you a captain yelling at your young left back all game especially when you the one that kicked the ball in his face,-0.4767
cWgBs2I51_w,UgySyfD1zLwZlAET9ah4AaABAg,UCkxjOKbjF5G4mken0Z9pAOA,2025-10-19T23:18:20Z,2025-10-19T23:18:20Z,1,0,Looks like Gakpo inherited Nunez's curse.,-0.25
cWgBs2I51_w,Ugz3MAGSCzBN-f1ptnZ4AaABAg,UCdaSshbGUMjKfizZ-umYjJg,2025-10-19T22:42:22Z,2025-10-19T22:42:22Z,3,1,Arsenal fan here... I hate Manu but im happy For Amorim and his team. They needed this. üíØ ‚ù§Ô∏è,0.6542
cWgBs2I51_w,UgzXjakY0fRGnhFO4Vx4AaABAg,UCGzLDNS790mKL7sADro0DPA,2025-10-19T20:42:38Z,2025-10-19T20:42:38Z,1,0,"Not too many opportunities to have a day like today for United fans anymore, I‚Äôm gonna savor this",0.4795
cWgBs2I51_w,Ugx2uyDgdQfnxfmFEMZ4AaABAg,UCdR34ZEnKYcbq5EVhTV8bQw,2025-10-19T18:31:16Z,2025-10-19T18:31:16Z,3,0,Gakpo tried really hard to miss that but successfully failed lol.,0.416
cWgBs2I51_w,UgwrQ88KTeklk_qXa2V4AaABAg,UCiFwwqogB2pwx0c4XnGgICA,2025-10-21T17:34:42Z,2025-10-21T17:34:42Z,0,0,"Give Liverpool some credit, it is extremely difficult to get a goal with so many open shots on such a tiny goal. These guys are the best of the best afterall",0.8484
cWgBs2I51_w,UgxeGGKgfUZjZKNeJiR4AaABAg,UCQIhZ-CrEXqUDTewc4lMuFw,2025-10-19T18:33:13Z,2025-10-19T18:33:13Z,15,2,Manchester United is officially back!,0.4753
cWgBs2I51_w,UgxjGED2_rUWd5Da9Ah4AaABAg,UC9kShFz9lHzpJbExfRfGNcw,2025-10-20T03:16:14Z,2025-10-20T03:16:14Z,1,0,Gakpo almost missed that tap in.,-0.228
cWgBs2I51_w,UgzuPrcA8m3WP6bN4-x4AaABAg,UCSxYGcpbsBKohaOVLcbmAvw,2025-10-19T19:28:56Z,2025-10-19T19:28:56Z,5,1,"I can‚Äôt imagine the annoyance a Liverpool fan would have for Gakpo and his three shots that either hit or went just a bit wide of the post. This Man U match means too much right now, even if we end up in 6th‚Äì11th place at the end of the season. THIS GAME WAS BEAUTIFUL. AND WE SOME HOW WON.",0.8769
cWgBs2I51_w,UgzhsVp_CZM_b5-F1-t4AaABAg,UC99PsXGS1MX9YbFTV0kBCdA,2025-10-19T22:00:31Z,2025-10-19T22:00:31Z,1,0,Outside of the left foot pass üî•,-0.34
cWgBs2I51_w,UgwkVxf0nOpcQL5NUHh4AaABAg,UCU1IQkVUwMhkvUokKehy3pQ,2025-10-19T19:38:57Z,2025-10-19T19:38:57Z,10,1,450m spent to lose to the worse Manchester United since ww2. Well done Liverpool,-0.2263
cWgBs2I51_w,Ugx8F8fJ-PWkAAb2oL94AaABAg,UCLCFtFoWjE6D0ngEgNKAqsA,2025-10-19T20:35:31Z,2025-10-19T20:36:18Z,1,0,What a difference having a goalkeeper in goal makes. I missed those days when a ball just rolling towards goal was just collected without a circus getting started.,-0.296
cWgBs2I51_w,UgyaAiV4p5XqaJJQyat4AaABAg,UChDsO1qNJ4RB4OddGk64Abg,2025-10-19T18:22:02Z,2025-10-19T18:22:02Z,7,1,Like this so I can come back for the highlight of the year,0.5994
cWgBs2I51_w,Ugw5TqaNcUn0nwsi1Fd4AaABAg,UCOVuCCtoDoy4OmuqdH76WSw,2025-10-20T04:02:28Z,2025-10-20T04:02:28Z,1,0,Should never sell Diaz and Nunez  both was beast,0.0
cWgBs2I51_w,Ugz2YzWy0e_I2NFBCCR4AaABAg,UCp-3F8CPnhaNT4qQ3gU8Gqg,2025-10-19T18:29:09Z,2025-10-19T18:29:09Z,43,4,Give Lammens a blank check and extend him for the rest of his life,0.1779
cWgBs2I51_w,UgyCCj0oxXBvrQNS8yN4AaABAg,UCK3YcvafsX1vQ-VyDsXkR6w,2025-10-20T02:20:07Z,2025-10-20T02:20:07Z,1,0,Harry Maguire took the last season miss seriously üò§üò§,-0.3182
cWgBs2I51_w,UgzYzEl8xPEXLYhvyPV4AaABAg,UCELsiOOAiYZvQUR8G9hDQKA,2025-10-19T20:51:28Z,2025-10-19T20:51:28Z,7,4,Van Dijk has been underestimating players this season and its cost Liverpool multiple matches.,0.0
cWgBs2I51_w,UgyjBnY23AvZFjcw9H54AaABAg,UCBrNukBotwkcpRMqwao-XVA,2025-10-19T21:01:56Z,2025-10-19T21:01:56Z,1,0,Sesko despite playing no minutes still finds a way to contribute to counter attacks and hold up plays United better hold him and never let him go,0.6244
cWgBs2I51_w,Ugy5DQXAHabSkFs8BJx4AaABAg,UC_am1UtbaakO_iThbMX5u1A,2025-10-19T18:22:02Z,2025-10-19T18:22:02Z,251,14,Let‚Äôs all laugh at Liverpool and Slot ball üòÇüòÇüòÇüòÇ,0.9349
cWgBs2I51_w,UgwRo7sLAlipR8IUZnl4AaABAg,UCYM3A-OM-Gd8taE6B-GNK1Q,2025-10-19T23:14:07Z,2025-10-19T23:14:07Z,1,0,Never have I thought I‚Äôll like Man United‚Äôs win highlights,0.743
cWgBs2I51_w,UgwKy4CvHSfKo96YJaZ4AaABAg,UCxDiJznks_UWHftTnI1DALA,2025-10-19T21:44:30Z,2025-10-19T21:46:30Z,3,1,"Harry Maguire knows what it means to wear that jersey man. God Bless him.

The Onana curse is gone.",0.1027
cWgBs2I51_w,UgyY2bV9JsOfVMgp2yl4AaABAg,UCEt-4-siaB0oaNgpskq5wrg,2025-10-20T17:34:21Z,2025-10-20T17:34:21Z,1,0,Never fails a knee slide does he,0.3252
cWgBs2I51_w,UgzM0KrIBwfCs3bELzx4AaABAg,UCXHJ2tmRRvvjQavhBtvcQYw,2025-10-19T18:38:41Z,2025-10-19T18:38:41Z,20,0,Liverpool spend all that money just to have a four game losing streak across all competitions well done management,-0.128
cWgBs2I51_w,UgxQTxhIOjTfQCoePZR4AaABAg,UC-felYJoKKbvwYLKDoumDcQ,2025-10-20T00:56:54Z,2025-10-20T00:56:54Z,1,0,Maguirinho has done it again !!!!!!!,0.0
cWgBs2I51_w,Ugx4-uE9Va66sGfB4zl4AaABAg,UCrU2V25r9lpu9k5U0YsnbJA,2025-10-19T21:43:48Z,2025-10-19T21:43:48Z,24,1,1:45 Casemiro slapping Diallo üòÇ,0.4404
cWgBs2I51_w,UgxhQq1F39P0KzlLA314AaABAg,UCdPFA7RMiVn2boXeGcIQ1dw,2025-10-19T19:47:43Z,2025-10-19T19:47:43Z,1,0,Liverpool fire power looked like a 5 years old trying to figure out how to operate a machine gun.,-0.3182
cWgBs2I51_w,UgyjRpMUO4rHiGFS7Dp4AaABAg,UCpkXKYPnP-DTYqgX37KD28A,2025-10-19T18:24:41Z,2025-10-19T18:24:41Z,4,0,H. Maguire to the rescue again love the guy,0.8176
cWgBs2I51_w,UgyYqt-IWvAlMqTgsAJ4AaABAg,UCcd4Nw-k1BscZvbcPd_PfXQ,2025-10-19T22:03:03Z,2025-10-19T22:03:03Z,1,0,Gakpo should‚Äôve had a hat trick today. That header was on a string to him and just blew it,-0.0516
cWgBs2I51_w,Ugx7jTuh5vTTKP89hFl4AaABAg,UCvPhoOak0i12PUtszCRZqdg,2025-10-19T20:01:05Z,2025-10-19T20:01:05Z,5,1,Amorim should start playing dorgu over dalot but what a win glory glory manu,0.9524
cWgBs2I51_w,UgwkFt-_t-H5u7LDPcl4AaABAg,UCc8zhAOKqffks1RaTtI9GXw,2025-10-20T07:28:16Z,2025-10-20T07:28:16Z,0,0,Seeing maguire celebrating w the defenders and goalie right after was such a good sight. hopefully they can build off this win,0.9337
cWgBs2I51_w,UgwrKzBjr91yErMJsCh4AaABAg,UCQIhZ-CrEXqUDTewc4lMuFw,2025-10-19T18:34:53Z,2025-10-19T18:34:53Z,46,3,The beginning of Manchester United‚Äôs dominance over Liverpool.,0.2023
cWgBs2I51_w,Ugx8Ng9FVFSE_HQna3x4AaABAg,UCWt0qBzTUPUYBKcTwnvFxAg,2025-10-19T23:21:33Z,2025-10-19T23:21:33Z,1,0,oohhhhh how i would love to see Slots reaction,0.6369
cWgBs2I51_w,UgyjKs_T5aqGfCAqwRp4AaABAg,UCtkhyBMa8_WIOWPyanfoRFQ,2025-10-19T18:39:10Z,2025-10-19T18:39:10Z,3,0,Lord Mcguire!!!,0.0
cWgBs2I51_w,Ugzr0tHffejhJiFERWF4AaABAg,UCa1ajhS2GnUBaBRiHTIkxug,2025-10-19T22:18:37Z,2025-10-19T22:18:37Z,1,0,"3:33 I see what the editor did there. Nice between the lines pass by Lammens. Not usually a highlight, but that same pass attempted by Onana or Bayindir ends up a highlightüòÇ",0.8091
cWgBs2I51_w,Ugxaxjzb6WSX_uS5tft4AaABAg,UC1HoM1hCIWq29bqbxzBvM_A,2025-10-19T18:24:05Z,2025-10-19T18:24:05Z,34,2,If you need a message in your life ----> Amorim's United just beat Slots Liverpool at Anfield in 2025.... *Anything in life is possible* !,0.4753
cWgBs2I51_w,Ugxt1afevScYnmuvq2d4AaABAg,UC9e12_kfU5yJSJtjR5FlyOQ,2025-10-20T18:51:19Z,2025-10-20T18:51:19Z,1,0,Maguire slide is so smooth üòÇüòÇüòÇ,0.8271
cWgBs2I51_w,Ugxpk0Vpaee2UyDQ5Zh4AaABAg,UCYP33R2NMo0tNlvG3unqnpQ,2025-10-19T18:38:21Z,2025-10-19T18:38:21Z,78,7,Coach needs to grow a pair and bench Salah for Chiesa!,0.0
cWgBs2I51_w,UgyJF4kyizomSxgUrjZ4AaABAg,UC5mKJUSu7BMXo6pbHm4KFDA,2025-10-19T21:28:22Z,2025-10-19T21:28:22Z,1,0,Lammens composure in goal cannot be overestimated. Does what it says on the box !,0.0
cWgBs2I51_w,UgyARAxHsGwe5itVhaZ4AaABAg,UCswImbmdGTLaUny4ZyANWLA,2025-10-19T18:22:30Z,2025-10-19T18:22:30Z,4,1,old trafford breaking with this one ü•Äü•Äü•Ä,0.0
cWgBs2I51_w,UgzH3M80GTYUXvBFWO14AaABAg,UCuNtw_lJQhzvRfZGK98v2Sw,2025-10-19T20:38:39Z,2025-10-19T20:38:39Z,1,0,Man this feels so good,0.5777
cWgBs2I51_w,Ugyg1Yfyr7aUZ2jmTOB4AaABAg,UCimiKy6C6S6hlDRMhJ5a9lw,2025-10-19T20:04:40Z,2025-10-19T20:05:41Z,17,2,"Last season was Klopp‚Äôs built team, this season is Arne Slot‚Äôs rebuilt team. Looks like we are officially in the Arne Slot era. I am missing Luis D√≠az and Darwin upfront.",0.0772
cWgBs2I51_w,UgwBj1mIzf2lb-8B7Xd4AaABAg,UCXjP-NoKo9uuRgWVLYlQ4Fw,2025-10-19T22:36:21Z,2025-10-19T22:36:21Z,1,0,Harry Maquire scoring in the premier league at anfield before 2 guys costing almost 300 million üòÇüòÇüòÇ,0.8271
cWgBs2I51_w,UgwYOt3fxxxOKbHD8ct4AaABAg,UCXDkyeWGIPN52bF0aRyk9Vw,2025-10-19T18:32:02Z,2025-10-19T18:32:02Z,5,0,"They will walk alone 
Tonight sure",0.0772
cWgBs2I51_w,UgzNbEgL3l_xTWVY3Eh4AaABAg,UCPHAT57gjE7cD4-Sr2hCRSw,2025-10-21T01:39:11Z,2025-10-21T01:39:11Z,1,0,I am so glad to see Maguire come back to play some ball after his massive mindf*ck the past few seasons. Top notch player gets to show up big the past 12 months ü§åüèªüëèüèª,0.7944
cWgBs2I51_w,UgzSAp-o3ISwut2tStN4AaABAg,UCcrHVIBNj08VjPxo4BYsmLg,2025-10-19T20:09:55Z,2025-10-19T20:09:55Z,5,2,"When Arne Slot arrived at Anfield, he spoke of building on Jurgen Klopp‚Äôs legacy. The idea was to fine tune a system already rich in energy, chemistry, and purpose. Instead, the summer transfer window turned into a full scale overhaul that cost the club more than ¬£450 million and dismantled much of what made Liverpool unique.

One of the most damaging mistakes was letting Luis Diaz leave. It was no secret that Diaz was earning significantly less than several teammates, including those on the bench, despite being one of the few consistently delivering results. His work ethic, resilience, and ability to lift team morale were invaluable. Rather than rewarding that commitment, the club allowed contract negotiations to stall, refusing to bring his salary in line with his contributions.

Now Diaz is thriving at Bayern Munich, where he has helped the team remain undefeated in the Bundesliga. His creativity, intensity, and contagious enthusiasm have not only elevated Bayern‚Äôs play but also highlighted what Liverpool has lost both on the field and in spirit.

Liverpool, by contrast, looks flat and disjointed. The supposed rebuild under Slot has yet to produce cohesion or results. The chemistry Klopp‚Äôs side once had, that collective spark, seems to have gone with Diaz. What was promised as evolution has felt more like dismantling, and Slot is left trying to justify decisions that contradict his own opening statements about continuity and legacy.

Liverpool‚Äôs loss has become Bayern‚Äôs gain, and for all the talk about long term vision, the failure to retain one of their most dynamic players may prove to be the defining mistake of Slot‚Äôs first actual season.",0.695
cWgBs2I51_w,UgwJRgt_ZSksB_7_BlR4AaABAg,UCdsMJv3EOoHDUWz6DMLkAfw,2025-10-24T20:23:37Z,2025-10-24T20:23:37Z,0,0,Harry Maguire!!!!! Absolute CINEMA,0.0
cWgBs2I51_w,Ugy8ZMjqViy8qYItRU94AaABAg,UC1HoM1hCIWq29bqbxzBvM_A,2025-10-19T18:31:59Z,2025-10-19T18:31:59Z,65,5,Macalister and Mbuemo colliding like a 92 Toyota Camry and 2024 BMW....And the Camry drove off without a scratch and went on to score,0.25
cWgBs2I51_w,Ugwi46n1AzlltpDEL714AaABAg,UC_pllPsF-Hgn70rKBVPndMw,2025-10-19T21:33:26Z,2025-10-19T21:33:26Z,1,0,Cunha had a phenomenal game. He was the outstanding player for me,0.6124
cWgBs2I51_w,UgxOI3Ncx8Cn-f1A6hJ4AaABAg,UCrlhVfoQ1bx3do7VzUrSb5g,2025-10-19T18:23:37Z,2025-10-19T18:23:37Z,13,1,"Van Djik‚Äôs aura is so strong, it enveloped Mbuemo‚Äôs right foot.",0.6418
cWgBs2I51_w,UgxlrXSmu3x2AlG1SJV4AaABAg,UCIho7OzrPw1REtwgWLYE_Aw,2025-10-20T02:48:38Z,2025-10-20T02:48:38Z,1,0,Glory glory Manchester United,0.8689
cWgBs2I51_w,UgxD_6mDuaTQ6Bd--vZ4AaABAg,UCRyRUYbT1G4Q_WCne6rZYMA,2025-10-19T18:27:28Z,2025-10-19T18:27:28Z,106,8,Isak should‚Äôve stayed in Newcastle.,0.0
cWgBs2I51_w,UgzTK8kih-d_awLyhut4AaABAg,UCVkSvl9MXyFBHC1FGUcr2yg,2025-10-20T03:10:31Z,2025-10-20T03:10:31Z,1,0,Maguire is so goated man I absolutely love it üòÇ,0.8122
cWgBs2I51_w,UgzAR5rDUr8LZni9vXR4AaABAg,UCVOMoZj-3e52Ds0xE6LCjYQ,2025-10-19T19:07:57Z,2025-10-19T19:07:57Z,7,0,Harry Maguire has gotta have the cleanest knee slides in the PL,0.0
cWgBs2I51_w,UgzHLHvCtp1saG1CWrt4AaABAg,UCgjfQaV8nw3g2ojvPAYJGew,2025-10-19T23:30:30Z,2025-10-19T23:30:30Z,1,0,we're going to win the league. come on united,0.765
cWgBs2I51_w,Ugyw2uK4q5WVM6US6HJ4AaABAg,UCIwKhoNkh_-N3eXT0IjZ6fw,2025-10-19T19:04:49Z,2025-10-19T19:07:57Z,19,4,"Gakpo was the only player on the field for us rest of the team just decided to show up,and 1 goal in 8 PL games for Isak is something else ..Congrats Man United ..",0.7351
cWgBs2I51_w,Ugze0FSBsScI1pWXGod4AaABAg,UCvyrCPMS-Bm2cXnodWeD5Cw,2025-10-20T06:11:00Z,2025-10-20T06:11:00Z,1,0,Absolute cinema,0.0
cWgBs2I51_w,Ugw3ahpVo1Cz0Heq09J4AaABAg,UCrVtCVRy9SY12cZWwwWcb1A,2025-10-19T18:31:01Z,2025-10-19T18:31:07Z,6,0,"So happy for United, they finally win at anfield!",0.9032
cWgBs2I51_w,Ugz_crILSvT7F2xLyJt4AaABAg,UC25PFy9dpJYCkMXYsT2nwDQ,2025-10-20T06:29:17Z,2025-10-20T06:29:17Z,1,0,Casemiro didn‚Äôt need to slap Diallo like that,0.4767
cWgBs2I51_w,UgwoNwFeEWpryx_nOLB4AaABAg,UCnLnlGGtLX62cAYwdU3glvg,2025-10-19T18:45:26Z,2025-10-19T18:45:44Z,50,12,It‚Äôs insane how a normal weekend futbol match has the same if not more audience than the Super Bowl,0.296
cWgBs2I51_w,UgxBtegj771QYX5j0r94AaABAg,UC-VXUxyV7Cx-KUFduvwNY2Q,2025-10-19T21:52:04Z,2025-10-19T21:52:04Z,1,0,A well-deserved win for MU! They are playing at a higher level this season!,0.7339
cWgBs2I51_w,UgzrofBIqlNCDLMW-sV4AaABAg,UC9KYHZ9bj9DZ6CU0rDrM1MQ,2025-10-19T20:07:24Z,2025-10-19T20:07:24Z,3,0,Well deserved loss for such a dirty team,-0.4767
cWgBs2I51_w,UgzHYSUJNZU3QrOBS8B4AaABAg,UCCtWpR1atmbGHLq8qmKKoUA,2025-10-20T00:31:59Z,2025-10-20T00:31:59Z,2,0,9:36 So much Aura! üêê,0.0
cWgBs2I51_w,UgyCGcuTsmY7s5-VWsV4AaABAg,UClCZ7hxDmM2Hs_8_EVVFacQ,2025-10-19T18:41:27Z,2025-10-19T18:41:27Z,6,1,that was one of the longest 8 minutes I‚Äôve witnessed,0.0
cWgBs2I51_w,Ugw1PhkCdvZmWyHO6Ih4AaABAg,UCae2gaf7dJXvfORO6lZPE3Q,2025-10-20T13:43:01Z,2025-10-20T13:43:01Z,1,0,"7:48 This is what I felt like Onana never did, made the opposing players scared and rushed",-0.1027
cWgBs2I51_w,UgyaZaLSVv6wkL62rdl4AaABAg,UCbPEL3OxZEZ-QdfZp_wERrQ,2025-10-19T18:42:59Z,2025-10-19T18:42:59Z,8,0,I think Man U will win the league this year,0.5859
cWgBs2I51_w,Ugz4eFQ-Xr44PZs5SLl4AaABAg,UCNiHyo-ZnZqn2RFF56O8Slw,2025-10-19T19:56:48Z,2025-10-19T19:56:48Z,1,0,Liverpool always have that one person that‚Äôll strike the post repeatedly. Right now Gakpo's the man üòÇ,0.34
cWgBs2I51_w,UgxVWXptTjhPIyAcyht4AaABAg,UCQIhZ-CrEXqUDTewc4lMuFw,2025-10-19T18:33:30Z,2025-10-19T18:33:30Z,4,4,Manchester United will win the domestic treble this season.,0.765
cWgBs2I51_w,UgxCfE--ab_tbER38Ax4AaABAg,UCJdlXZFWk7-7Yu_yRGuc6ew,2025-10-22T05:04:32Z,2025-10-22T05:04:32Z,0,0,"United fan here. Happy with the win. Before the game I said utd do the most unpredictable things. Amorim says we start well usually and raises expectations and then we got blitzed at Brentford. No one expected us to get our first back to back prem wins in over 500 days at anfield of all places, and then boom, we get a result.

Mo Salah was in my fantasy team last year, carried my team to a high finish. I can't help but feel bad for the dude. He has physically dropped off since after the Christmas period last season. Must be tough to go through this after getting such a massive contract. Wonder if the passing of his dear friend Jota also may be weighing on him. He is a legend of the premier league, so I hope he goes out well and returns to a bit of form. But of course, hoping anyone but Liverpool win the league this season lol",0.9829
cWgBs2I51_w,UgyWkDRyWpyGfSTnB5p4AaABAg,UCwbsx_tpJdvbVLmsfnxEMYA,2025-10-20T12:01:13Z,2025-10-20T12:01:13Z,3,0,Jesus ‚ù§Ô∏è you. He wants a genuine relationship with you. He gave us all eternal life when he gave himself up on the cross. John 3:16 says Jesus loved us so much that he gave himself up for us so he could wash our sins clean and grant us life with him by faith in Christ. ‚ù§Ô∏è‚úùÔ∏è,0.836
cWgBs2I51_w,UgwZNt7odZZX7zcPsfB4AaABAg,UCVEuQe4I4C_jUsrenr1s0VA,2025-10-21T01:12:36Z,2025-10-21T01:12:36Z,1,0,"1st half added time including McAllister injury - 4 minutes 
2nd half added time with no injuries and Liverpool down one goal- 8 minutes . 
Make it make sense.",-0.6124
cWgBs2I51_w,UgxXs__2o5RHtILH_3F4AaABAg,UCxlGW_95VR0Vj1h_ubN_lGQ,2025-10-19T18:54:43Z,2025-10-19T18:54:43Z,7,2,"Gakpo could have had 4 goals in this game , he was class just massively unlucky",0.0
cWgBs2I51_w,UgyYTlRA-DkMx_XcYWN4AaABAg,UCP0M_mQQLXjtFcx8566zOOg,2025-10-20T00:38:25Z,2025-10-20T00:38:25Z,0,0,That early goal massively changed this game. Totally flattened the atmosphere at anfield straight away,0.2263
cWgBs2I51_w,UgwQr9lgneZscSZ1bNt4AaABAg,UCkMj4-UElIL2R-K0A70xjBg,2025-10-19T19:27:08Z,2025-10-19T19:27:08Z,6,1,"Wirtz well played. He did pre-assist for the goal. Salah on 65th minute didn't pass to Wirtz,  who had a more chance for a goal",0.6997
cWgBs2I51_w,UgywoEdcQ1m97niX-gV4AaABAg,UCF_PSiOYULTpi0TIh-MtqOQ,2025-10-19T22:53:14Z,2025-10-19T22:53:14Z,1,0,on this form im waiting for that one kid to cut his hair,-0.2732
cWgBs2I51_w,Ugy_xXa2pOHbyXh4XpN4AaABAg,UC6CSCx-frUZLFA5egGa5FXA,2025-10-19T18:27:12Z,2025-10-19T18:27:12Z,3,0,"As an arsenal fan, I will never root for united again. For the first time ever, ggmu! You did us an amazing service today.",0.6199
cWgBs2I51_w,UgzcL0KlZ6OqAY6YyE14AaABAg,UCYd6DQh8Uo_QKP_4r_kVDVQ,2025-10-20T04:06:56Z,2025-10-20T04:06:56Z,1,0,"As a huge Liverpool hater, this brightened up my day üòÇ",0.7206
cWgBs2I51_w,Ugz0gJ6WD5ZPa5gkaeZ4AaABAg,UC9illMa5bmHEE8dsrSqCj3A,2025-10-19T18:33:34Z,2025-10-19T18:33:34Z,7,2,"Slot relied on Klopp's team to win the leauge last year, now he made his own signings and he's getting exposed. He's not that guy.",0.5423
cWgBs2I51_w,UgzNi6EpRcSfcNk1GUR4AaABAg,UCtEgZVxETMnn-VAI5ARaOfQ,2025-10-20T02:43:49Z,2025-10-20T02:43:49Z,1,0,Bruno Fernandes is special! Godly,0.4574
cWgBs2I51_w,UgwGIVLluayMIMNlDHl4AaABAg,UC1asH7CGlc_6HD7Ikgm4COQ,2025-10-19T19:05:32Z,2025-10-19T19:05:32Z,4,0,Imagine losing to Manchester United,0.0516
cWgBs2I51_w,Ugx5kHMNzaNRe4VAM3B4AaABAg,UCqvxm7LC2dr4_ifeYcnM1bQ,2025-11-22T20:26:09Z,2025-11-22T20:26:09Z,0,0,"Maguire slide is colder than Cole palmer, north pole, and other side of the pillow üî•",-0.34
cWgBs2I51_w,UgwJAK39bxemPNIkShJ4AaABAg,UCQXbeiK9DQabJGtKA6Ctg-g,2025-10-24T02:23:47Z,2025-10-24T02:23:47Z,0,0,Only one Premier League manager has picked up all three points at Anfield and the Etihad in the past five seasons. His name is Ruben Amorim!üôåüèæ,0.0
cWgBs2I51_w,UgxDKZf_tnK2c7-7Oml4AaABAg,UCP-vNUPcIZspqmNydNjCctA,2025-10-20T00:13:44Z,2025-10-20T00:13:44Z,1,0,9:36 expected him to keep sliding like the Geico commercial üòÇ,0.6597
cWgBs2I51_w,UgyjCQOsrJ3L9RhBipF4AaABAg,UCpLzmsR2dZGSugyuxVGseVQ,2025-10-20T04:56:04Z,2025-10-20T04:56:04Z,0,0,I remember when they said he was finished and look at the perseverance of maguire! Didn‚Äôt give up nd fought for his place in the squad!! Gotta give it to him! üò§üëåüèΩüíØ,0.7185
cWgBs2I51_w,UgzWUzsv51G13Xq3sNd4AaABAg,UCjEKtbV1r-r4SiPLuAqFzUw,2025-10-19T20:21:58Z,2025-10-19T20:21:58Z,1,0,Beautiful first goal,0.5994
cWgBs2I51_w,UgyaScvmEg13h1Q1jll4AaABAg,UCHMheWZdqvsHq_w83LpPszw,2025-10-20T00:11:26Z,2025-10-20T00:11:26Z,0,0,Van Dijk complaining about a friendly shove after wrestling his opponent to the ground... Priceless.,0.34
cWgBs2I51_w,UgznnCiQhRNAiW6b86l4AaABAg,UCjSqRFAqQaY0zHBUYI0YpvQ,2025-10-20T04:18:52Z,2025-10-20T04:18:52Z,0,0,You know who wouldn't have missed that Gakpo header. Diogo Jotaüôå. RIP,0.2235
cWgBs2I51_w,UgxzO0N4bq6QZXGvdaN4AaABAg,UCXjwUyOP7kNEoIe3jNOLe1g,2025-10-20T17:02:26Z,2025-10-20T17:02:26Z,0,0,YNWA!!! WALK ON WALK ON! WITH HOPE IN YOUR HEART!!,0.8507
cWgBs2I51_w,Ugx8X-B0qr91nel0GQN4AaABAg,UCGaTTu425iVOeRG_l-tKAIQ,2025-10-20T01:22:04Z,2025-10-20T01:22:04Z,1,0,LAMMENS is a breath of fresh air,0.3182
cWgBs2I51_w,Ugz3IaGoRMbucjSLAP14AaABAg,UC5Sa16psaIVgft89bVWbgGA,2025-10-20T18:22:24Z,2025-10-20T18:22:24Z,1,0,I told way before that Liverpool team won‚Äôt survive long with last minute goals but their fans were saying we have the best signing in the world.üòÇüòÇ,0.9382
cWgBs2I51_w,Ugy9s7dXDJyLHmO8cwJ4AaABAg,UCIIftrmue3AUWBV2SWjSkGg,2025-10-20T15:10:02Z,2025-10-20T15:10:02Z,0,0,I wish we won this on Friday so the weekend would‚Äôve been a celebration. Monday works too üòÇ,0.8519
cWgBs2I51_w,UgwvVSABM9Xw5LpBZuh4AaABAg,UCm9EoJZicl5qpoRhHnGC7wA,2025-10-20T06:55:20Z,2025-10-20T06:55:20Z,0,0,Never thought this would happenedü•≤‚ù§,0.6369
cWgBs2I51_w,Ugzryf53-QmDWvlnfs94AaABAg,UCBpyJQA6jo3ddfcfQcy8gNg,2025-10-20T14:02:42Z,2025-10-20T14:02:42Z,0,0,"belive in Ruben 
is just started for united but   long way to be top 6
Love the game so happy for united",0.9706
cWgBs2I51_w,UgyqOJIjmfnQse8C4MF4AaABAg,UCma_siFf2GzAwmcPsDQ4UJw,2025-10-20T01:50:37Z,2025-10-20T01:50:37Z,1,0,That Maguire knee slide was clean. üêê,0.4019
cWgBs2I51_w,UgxU6QwvuFP0Uaj7fTl4AaABAg,UClKr__gVvtHjGyGYKmJLh1w,2025-10-20T03:15:56Z,2025-10-20T03:15:56Z,0,0,The underdogs have everyone going insane,-0.4019
cWgBs2I51_w,Ugw3_Se6jfuLT048YBd4AaABAg,UCnsMtrMXdL-emoc_O6tkBhg,2025-10-20T03:59:50Z,2025-10-20T03:59:50Z,0,0,"Liverpool has played 8 league games so far and each one has been decided by a late goal, you know you're in for an entertaining dramatic finish anytime you watch them.",0.6486
cWgBs2I51_w,Ugx7wedmZDLf-d3Qb194AaABAg,UCIu1w-ZYL1Zs0bczTVsabAA,2025-10-20T11:45:02Z,2025-10-20T11:45:02Z,0,0,"Maguire the goat, the goalscorer, the important match man, ol‚Äô reliable, the one who always shows up, the captain",0.2023
cWgBs2I51_w,Ugx3z8rD0ATy90i0gc94AaABAg,UCNzUsYNtu_EAWxrKqCrk6pg,2025-10-19T23:11:02Z,2025-10-19T23:11:02Z,1,0,"Them ‚ÄúCiTy iS oUt oF TiTLe RaCE‚Äù 
Me ‚Äúlooks at the table‚Äù üòÇüòÇüòÇüòÇ",0.891
cWgBs2I51_w,UgzE2eXWqCkXTxwiTVN4AaABAg,UCFwAR4U3Qajhq0an1yRBfZQ,2025-10-19T22:39:36Z,2025-10-19T22:39:36Z,1,0,Is the Aner Slop different version Benitez after 20 years ago ?,0.0
cWgBs2I51_w,UgyR1IRfXytg0WyKx8F4AaABAg,UCNgQA_DBc4d2yHrbgG4Bg_w,2025-10-20T18:44:29Z,2025-10-20T18:44:29Z,1,0,We need a Maguire statue,0.0
cWgBs2I51_w,UgzsxFIs_J5v0iaFVVZ4AaABAg,UC-xQavsC1d9_44vmd7F14pg,2025-10-20T03:48:50Z,2025-10-20T03:48:50Z,0,0,Man united team appears now stable after some years now.,0.6124
cWgBs2I51_w,UgwK-1iX-1rc_hiRKWx4AaABAg,UCxqTJ1ZRzBSM67TlqlFxAyw,2025-10-20T03:03:19Z,2025-10-20T03:03:19Z,0,0,Manchester is making a buzz here,0.0
cWgBs2I51_w,Ugy2RSGXYkrkzNT1VPl4AaABAg,UCKJMyhoDnPzoqPLvMp_j0uw,2025-10-19T22:28:56Z,2025-10-19T22:28:56Z,0,0,10 year wait is finally over.,0.0
cWgBs2I51_w,Ugwz0BmO2IC_8NdZeqx4AaABAg,UCHXQ2P8D1zbs-5xeMpcaTkg,2025-10-19T19:46:52Z,2025-10-19T19:46:52Z,2,0,As they always say in Manchester - stay humble,0.0
cWgBs2I51_w,UgzHI4HVHBOvglT7bvt4AaABAg,UCx0AYhiJRzS751axkyEBwpg,2025-10-20T00:55:38Z,2025-10-20T00:55:38Z,0,0,Weekend we‚Äôre going to lose to some small team üòÇüòÇ this team is history,0.4767
cWgBs2I51_w,UgzfS-y2EMWb1OwM1uJ4AaABAg,UCENfuH7GXRwARBAsiZuZHfQ,2025-10-20T15:16:06Z,2025-10-20T15:16:06Z,0,0,Liverpool made way too many personnel changes this year. Last year's squad had continuity. They played together and had role players. These additions look good on paper but still have to play together and trust each other on the pitch.,0.8807
cWgBs2I51_w,UgzSNPYSs2ERgbXvc894AaABAg,UC3RA5Rk40gdmqfaao-oMvYA,2025-10-19T22:37:13Z,2025-10-19T22:37:13Z,1,0,2:15 ‚Äúwhat a start for Li‚Ä¶. Manchester United‚Äù yup. It was that kind of a game. üòÇ,0.4404
cWgBs2I51_w,Ugy2at3laSypLOVQg9J4AaABAg,UCoLvofE6Mc6GGnTej1Lrxlg,2025-10-20T13:34:57Z,2025-10-20T13:34:57Z,0,0,Maguire deserves a icon card when he retiresüôèüôè,0.0
cWgBs2I51_w,UgyndQDZLMMoMoV_SIR4AaABAg,UC3ROE11fBASd3tbr0FlwL7Q,2025-10-21T13:39:44Z,2025-10-21T13:39:44Z,1,0,Glad we won...but let's be honest we got lucky,0.8442
cWgBs2I51_w,Ugz7VBM0chKzNH1-Sx94AaABAg,UCEBjpa4bmB7O6jlDLAJqpoQ,2025-10-20T03:27:10Z,2025-10-20T03:27:10Z,0,0,Never forget the Heysel 39,0.1695
cWgBs2I51_w,UgycdrEQgBcfbfoAYdZ4AaABAg,UC9kShFz9lHzpJbExfRfGNcw,2025-10-20T03:17:06Z,2025-10-20T03:17:06Z,0,0,The best knee slide in game.,0.6369
cWgBs2I51_w,Ugya-Cx-KTOg7LrfXyR4AaABAg,UChaVwibXw-LARuA4L4oyxYA,2025-10-21T03:16:55Z,2025-10-21T03:16:55Z,0,0,Maguire been practicing that slide lmfaoo,0.0
cWgBs2I51_w,UgwI1PchOcmUtVvuMaZ4AaABAg,UCaWh0Av50q14FtYHHEENfGg,2025-10-20T02:12:17Z,2025-10-20T02:12:17Z,0,0,That bruno cross was a work of art,0.0
cWgBs2I51_w,UgzbWyT5u5nc9EReoU94AaABAg,UCPC8gEpyt5Wx8f1tBH_BMTg,2025-10-19T21:59:49Z,2025-10-19T21:59:49Z,1,0,First time in 11 years!!  üò±,-0.7494
cWgBs2I51_w,Ugw5vSjJeuKjvw19Gn14AaABAg,UC6pdo__EU94TkQyCeEDRn-Q,2025-10-23T01:49:50Z,2025-10-23T01:49:50Z,0,0,2:14 commentator almost said what a start for liverpool lol,0.4215
cWgBs2I51_w,UgytsE7YZ7R0gfF2xPp4AaABAg,UC6z0Tu-yDNbYSxu3XtX1DEA,2025-10-20T02:47:21Z,2025-10-20T02:47:21Z,1,0,"As a City fan and someone who can't stand Maguire, I hate seeing United win, but cannot complain when they beat LiverpoolüòÑ",0.9103
cWgBs2I51_w,UgxjKdaFCKWb2yjLx2B4AaABAg,UCplnPUwjl6KiHnn8W6-Ay6g,2025-10-19T19:27:27Z,2025-10-19T19:27:27Z,2,0,Wirtz with the hockey assist,0.0
cWgBs2I51_w,UgzE1-SbSTwaiORF0_d4AaABAg,UCADd-nDkmfpZGzbDmi6oYBw,2025-10-20T17:11:21Z,2025-10-20T17:11:21Z,0,0,The fact that it's Man U's first win at Anfield in 10 years is scandalous.,0.1027
cWgBs2I51_w,Ugzcp2O8EhFeC0mTfA54AaABAg,UC1aAJTa6wL5-aBRBaS7HWDQ,2025-10-20T00:08:48Z,2025-10-20T00:08:48Z,1,0,"Maguire might be proving you can come out out of the meme category while still being at Man United. Usually, you have to leave the club. üòÇüòÇüòÇ",0.8834
cWgBs2I51_w,UgwJQxUP6PYkVg8VdCp4AaABAg,UCPe9aqlEnOUjMa7lDT0qefw,2025-10-20T23:46:00Z,2025-10-20T23:46:00Z,1,0,The goat harry maguire,0.0
cWgBs2I51_w,Ugz6IyGYLbhC0JpDPGZ4AaABAg,UCe1rGWy5KilKPIlCLSy0vmg,2025-10-19T20:10:10Z,2025-10-19T20:10:10Z,1,0,Dr. Doofenwirtz is in the process of giving the United Strand a haircut üò≠üíÄ,0.2732
cWgBs2I51_w,UgwZY8egFsTG0HPs2B54AaABAg,UCQXbeiK9DQabJGtKA6Ctg-g,2025-10-19T23:55:33Z,2025-10-19T23:55:33Z,0,0,Amorim‚Äôs assistant picking up Mainoo‚Ä¶üòÇüòÇüòÇ,0.8271
cWgBs2I51_w,Ugw_iWe-DkgHhAZ6cTh4AaABAg,UCj3shS87hlfn5KHpt_SqEew,2025-10-19T20:55:43Z,2025-10-19T20:55:43Z,2,0,United here but Gakpo is a ballerüíØ,0.2263
cWgBs2I51_w,Ugyup9E5Hx8Dv8swRQB4AaABAg,UCOZ3vLO2VihwCkQ3xQM4dlw,2025-10-27T06:24:31Z,2025-10-27T06:24:31Z,0,0,Did anyone notice Casemiro slapping Amad at 1:42? ü§£ü§£ü§£ So cute üòçüòçüòçüòçüòç,0.9813
cWgBs2I51_w,UgxkizqA5pB_2arnxX94AaABAg,UCo8HGX70WML8MYxECvb1rMw,2025-10-20T01:54:43Z,2025-10-20T01:54:43Z,0,0,The fridge has become... A refrigerator jaja,0.0
cWgBs2I51_w,UgxTOxm4Fr0CN7TgguB4AaABAg,UC5axex3JwcKHEGH6yOKiwhw,2025-10-19T19:00:03Z,2025-10-19T19:00:03Z,2,0,"Man United played quality football today, very good all around team win. ‚ù§Ô∏èüëàüèæüáªüá®üáªüá®üáªüá®‚ù§Ô∏è‚ù§Ô∏è‚ù§Ô∏è‚ù§Ô∏è‚ù§Ô∏è",0.9041
cWgBs2I51_w,Ugz7_qnyNdupUHps0R94AaABAg,UCVwtT6DH4HAtNXKJtV544tg,2025-10-28T01:01:50Z,2025-10-28T01:01:50Z,0,0,I hope Patrick dorgu  is taking notes rn . I want him to score soooo bad!!!,-0.2905
cWgBs2I51_w,UgzSU0STFtrQ1x7WDb94AaABAg,UC1z9ZFNaxUNCAchySgdjzZQ,2025-10-19T20:38:43Z,2025-10-19T20:38:43Z,0,0,The most hated player so often is the ones who comes up huge for them!!!,-0.6211
cWgBs2I51_w,UgwLyxJG3GGikPisMJB4AaABAg,UCqtMpten8NTacqcUX1dH6yg,2025-10-20T16:48:47Z,2025-10-20T16:48:47Z,0,0,Absolute cinema,0.0
cWgBs2I51_w,UgzK9QjN3ZCNV20kb3h4AaABAg,UCSMmT52zzGJLcT_84GCaxHg,2025-10-19T21:40:16Z,2025-10-19T21:40:16Z,1,0,5:25 commentator calling Lammens Marmadshvilli. He must really be rooting for Liverpool üòÇ,0.4404
cWgBs2I51_w,UgwjcRvmPME61s0nARt4AaABAg,UC8c2EYA5nKK2vsZd-XZv6_w,2025-10-20T02:52:05Z,2025-10-20T02:52:05Z,0,0,Glory Glory Man United ‚ù§,0.9325
cWgBs2I51_w,UgzCRakKfqhkG60D0sJ4AaABAg,UCi5hpHeAjb1AN8poAuO187g,2025-10-20T15:31:11Z,2025-10-20T15:31:11Z,0,0,"chiesa comes on, assist, and liverpool still lose. PEAKüî•üî•üî•üî•",-0.8834
cWgBs2I51_w,UgygRUz4HSRKPAz7q9R4AaABAg,UCEvN0vkROPUYaxZOx5f9P4Q,2025-10-20T03:26:02Z,2025-10-20T03:26:02Z,0,0,Liverpool not finishing at both ends is the story of this match. United lucky.,0.6808
cWgBs2I51_w,UgyFPnxEShs1zJlpXHV4AaABAg,UCRyIrafbm__94xdnZV4jakg,2025-10-19T19:15:14Z,2025-10-19T19:15:14Z,2,0,"Thank you, United.  Helping to make my day.",0.7579
cWgBs2I51_w,UgwKNd8N1becfO1pJTV4AaABAg,UCcyl8ClRBtveiUmrb4oGxNA,2025-10-19T21:36:04Z,2025-10-19T21:36:04Z,0,0,Mbeumo remembered his days at Brentford and scoring in the opening minutes üòÇ,0.4404
cWgBs2I51_w,Ugw32hTQC_MmT846RyV4AaABAg,UCx41hSJ65DYntlN0lxrxYdg,2025-10-20T21:51:55Z,2025-10-20T21:51:55Z,0,0,In Ruben Amorim ball we trust,0.5106
cWgBs2I51_w,UgyeuQKHk8aW-aNl7gF4AaABAg,UChiW5bQs7Hc-mv1eQzdEGzA,2025-10-20T02:38:18Z,2025-10-20T02:38:18Z,1,0,It's the big forehead of Maguire!,0.0
cWgBs2I51_w,UgxPrKsERNwMeUf2ClZ4AaABAg,UCVMC05W-Qv95OY3pTUh9YBA,2025-10-20T05:38:33Z,2025-10-20T05:38:33Z,0,0,"Why isn't the media talking about arne slot when they are only 2 points above. Media, time to put pressure on them. And what about that isak signing",-0.296
cWgBs2I51_w,UgywWcOkCGwU-5DZbJx4AaABAg,UChmkQRNGAGFXl4UDB9oPbUw,2025-10-20T18:48:25Z,2025-10-20T18:48:25Z,1,0,"i dont think in the last year, ive seen van dijk run. bro litteraly jogs. he is why liverpool keep losing",-0.3818
cWgBs2I51_w,Ugx7bFEJfV385YfNOU14AaABAg,UC_dsTwu-5z73Sl7LigyROJg,2025-10-19T19:28:12Z,2025-10-19T19:28:12Z,1,0,"Whether down or up, United is my team! Congratulations!",0.8065
cWgBs2I51_w,UgxnuGWXmTYywHzla-54AaABAg,UCRu_w_Z3OSRYU8N-CQxho7g,2025-10-19T22:24:07Z,2025-10-19T22:24:07Z,0,0,"I don‚Äôt know why y‚Äôall some Keeper couldn‚Äôt save that, he doesn‚Äôt even try at all",0.4939
cWgBs2I51_w,Ugyb0Q22I_4l1wVqUvN4AaABAg,UCJmtwxwMCn2ggehXzp6gXIA,2025-10-20T00:57:14Z,2025-10-20T00:57:14Z,0,0,Good job man united ‚ù§,0.872
cWgBs2I51_w,UgxOZ_Ve5AvfF-7ei3h4AaABAg,UCMZSvgD5hyX0dGj7zMh8AgA,2025-10-19T20:41:22Z,2025-10-19T20:43:37Z,0,0,I can see light in the future of man united,0.4215
cWgBs2I51_w,UgzoQVND_Gy43WjPNgx4AaABAg,UCpJPMeENId7WQG-FN7bhzNA,2025-10-19T22:26:20Z,2025-10-19T22:26:20Z,0,0,Liverpool should have gotten some central defenders instead of insisting to get Isak during the transfer window.  They need a new playmaker to create scoring chances.  Another problem with signing a handful of new players is curbing teamwork which takes time to rebuild.,0.128
cWgBs2I51_w,Ugxd6DAI3l8LPwN0SAh4AaABAg,UCq_Sr-GTR5SeLDxCusR2KWg,2025-10-19T18:57:48Z,2025-10-19T18:57:48Z,2,0,I fucking love Diego Dalot,0.6697
cWgBs2I51_w,UgwLId1lzz5TBZuYmsN4AaABAg,UC7XeKaqzMw_UVz1GTmwq11w,2025-10-19T22:36:53Z,2025-10-19T22:36:53Z,0,0,"We‚Äôve been subjected to such terrible gks since De gea, that it brings the biggest smile to my face seeing Lammens make even the simplest saves",-0.1531
cWgBs2I51_w,Ugz9dkqLBk8OPeBmdC94AaABAg,UCa5by28pqmRIyUcCWkZlidg,2025-10-20T04:53:43Z,2025-10-20T04:53:43Z,1,0,Van Dijk couldn't twerk his way out of this one could he.,0.0
cWgBs2I51_w,UgxvtMHQz-3J-xIB6Mt4AaABAg,UC0Hf_9LGpW7woYX_iQdHz0g,2025-10-19T21:37:56Z,2025-10-19T21:37:56Z,0,0,Isak and salah should never be on the pitch at the same time. EVER.,0.0
cWgBs2I51_w,UgxX1MmKNWDe0KktpWp4AaABAg,UCerIlvwUTh-2DtKujejzhUg,2025-10-19T19:36:23Z,2025-10-19T19:36:23Z,0,0,I had to blink when I saw Mbuemo‚Äôs goal. I couldn‚Äôt believe it when in and I couldn‚Äôt believe it was Man United.,0.4215
cWgBs2I51_w,UgxvtTS2sCSxKLq4vrN4AaABAg,UCVBPK1ma5zYMhMPP2LGam3Q,2025-10-19T23:11:45Z,2025-10-19T23:11:45Z,0,0,"This is EXACTLY why I was nervous with this LFC spending spree. No cohesion, and I hate how they got Isak, and how he treated his former club. Honestly, I don't hate that they're struggling. Feels like karma.",-0.3187
cWgBs2I51_w,UgxOUq-kM0Rg4Z6iqkt4AaABAg,UCIWAY01KoDP8SKBHuYOehxA,2025-10-19T22:52:35Z,2025-10-19T22:52:35Z,0,0,alternative title: salah pulling off a disappearing act for 89 minutes and 59 seconds,0.0
cWgBs2I51_w,Ugz5rsarf77JEPwgNAh4AaABAg,UCE28T20IILGd6x11fHMRkHA,2025-10-20T11:07:03Z,2025-10-20T11:07:03Z,0,0,I guess United found their striker now.,0.4215
cWgBs2I51_w,Ugx6CSEpuDIqS7ReZzx4AaABAg,UCLDN0Gbp2jpOvaom5AqFnow,2025-10-20T15:09:05Z,2025-10-20T15:09:05Z,0,0,What was Gakpo channeling!!! 3 woodwork!,0.0
cWgBs2I51_w,UgySbgdomeRnlXZvy8d4AaABAg,UCq-5S4yPFAAxWfNzHyqmV1w,2025-10-19T20:47:00Z,2025-10-19T20:47:00Z,0,0,Treble loading you know which team . Netflix fc we will made everyone cry,-0.4767
cWgBs2I51_w,Ugzvl9Bp5-pVWtqfxgJ4AaABAg,UCmleFoHE5MGnZ8XMYMMkFIw,2025-10-19T20:00:57Z,2025-10-19T20:00:57Z,0,0,Bruno still scowling after this victory is wtf.,-0.5859
cWgBs2I51_w,UgwvDmdORCYWhejUEld4AaABAg,UCkWR_Q3zwOb-3DaER4nfqKg,2025-10-19T19:08:56Z,2025-10-19T19:08:56Z,2,0,Gakpo the only one playing for real,0.2023
cWgBs2I51_w,UgwPjDM8iR1c27AvYsV4AaABAg,UChjmxQtbmVQ2bs3uSWSuSGQ,2025-10-19T18:54:45Z,2025-10-19T18:54:45Z,2,0,"instead of relying on high risk play and maybe winning with a late winner, bring on frimpong earlier to actually have some attacking play. i understand most of arne‚Äôs decisions but choosing sobo, a cm, to play rb rather than frimpong is appalling to me.",0.2263
cWgBs2I51_w,UgyvmQymZyWNlcvQuyB4AaABAg,UC3hFGRS-T2uIt0g-BqQuwpA,2025-10-19T19:26:52Z,2025-10-19T19:26:52Z,2,0,Now this is Man Utd and we made Liverpool walked alone thanks to Mbuemo and Capt Awesome Maquire.,0.7184
cWgBs2I51_w,Ugy23A43YgEpcURgLHp4AaABAg,UCWaXfDgr_9lrfoKSPyieQRQ,2025-10-20T18:55:44Z,2025-10-20T18:55:44Z,1,0,"Maguire always scores big time goals or headed assists, peoole just forget.",-0.2263
cWgBs2I51_w,UgzmhlV79VIvZuh8A4l4AaABAg,UCkeYd_a9al_36y8lbZUA6Kg,2025-10-20T02:06:17Z,2025-10-20T02:07:06Z,1,0,6:30 they protest for everything üòÇ,0.2263
cWgBs2I51_w,UgzSvRDvKaS6IsGD1NV4AaABAg,UCc9j8jD4eBiCQgwSUsXD-pg,2025-10-20T02:57:02Z,2025-10-20T02:57:02Z,1,0,1:45 why did casemiro smack him like that üòÇ,0.6597
cWgBs2I51_w,Ugx5pMILMcCZpMC2Fsp4AaABAg,UCFpElp2Efaq2MfG0BjRg0Sg,2025-10-20T15:16:39Z,2025-10-20T15:16:39Z,0,0,Gakpo‚Äôs header was waaay off target! üòÇ,0.4926
cWgBs2I51_w,UgwOeyyDVHBkGgDzy014AaABAg,UCgEKjQbZuhZcih69wiY1emA,2025-10-21T12:34:00Z,2025-10-21T12:34:00Z,0,0,Virgil is always pointing at Konat√© üòÇ,0.4404
cWgBs2I51_w,UgztKsPXDViZ7xhAVgx4AaABAg,UC-VnEQcx8N_iTMXgd9K0UMw,2025-10-20T01:19:49Z,2025-10-20T01:19:49Z,0,0,That Maguire slide after the goal was Diabolical!!ü§£ü§£,0.7896
cWgBs2I51_w,Ugzadbw2cearfUk68YF4AaABAg,UCBTB6-rBXY5yIjcUGN2MN0w,2025-10-19T21:07:44Z,2025-10-19T21:07:44Z,1,0,"5:54 what are these commentators on, who do they expect Lammens to come for that ball and the shame to call it luck üòÇüòÇ",0.6908
cWgBs2I51_w,UgzAnOCxZRTfy_YZ2wx4AaABAg,UC32xvYSiDGIgwNrm2IQS7jQ,2025-10-20T17:00:10Z,2025-10-20T17:00:10Z,0,0,Lord Harry marry maguire does it again! What a beast,0.0
cWgBs2I51_w,UgxyGdcC4Cc70HD3xJt4AaABAg,UCh_dzFzsMYqD1AYpe7nw-XA,2025-10-19T21:25:06Z,2025-10-19T21:25:06Z,0,0,Well Well Well ‚ù§,0.8591
cWgBs2I51_w,Ugwn0g3Eh3gxhkM30vR4AaABAg,UCQXbeiK9DQabJGtKA6Ctg-g,2025-10-20T00:07:58Z,2025-10-20T00:07:58Z,1,1,Finally a keeper that just keeps it simple and does the basics right and bringing some much needed calmness and confidence in the defensive third. I never want to see Bayindir in goal again! Nice and steady Senne Lammens.üôåüèæ,0.8389
cWgBs2I51_w,UgzTh8WeYne17PhgbXF4AaABAg,UCnmSBqxKLT28fkI5hZ_7YyQ,2025-10-20T00:44:05Z,2025-10-20T00:44:05Z,2,0,Rugby McAllister‚Ä¶KEVIN!!!,0.0
cWgBs2I51_w,UgzfmLJuVX3OiW9-m8l4AaABAg,UCqWM8zIB1Begy_a-TmAqQoQ,2025-10-20T16:52:42Z,2025-10-20T16:52:42Z,0,0,Well played United!!!!,0.816
cWgBs2I51_w,Ugys7tD2cNb2yx-x37t4AaABAg,UCcSaUwfUEtrUCqTZuJN6ljw,2025-10-19T20:25:26Z,2025-10-19T20:25:26Z,0,0,that maguire slide was nothing short of cinematic.,0.0
cWgBs2I51_w,UgyjYhQ-i2pS2Z3ztbN4AaABAg,UC0ao_wO2N1KOgjrMPaG7Ewg,2025-10-19T20:55:29Z,2025-10-19T20:55:29Z,0,0,Isaak should've got carded for that late shot. You shoot like that in ice Hockey and you're throwing gloves.,0.0258
cWgBs2I51_w,UgzKvB_2_4Ufx688Hmd4AaABAg,UCIG69i4W3_QOQoFe6vv9XpQ,2025-10-20T04:50:28Z,2025-10-20T04:50:28Z,0,0,Well done BIG welldone MU team,0.2732
cWgBs2I51_w,Ugw1uWc5VQ8jL7XRssh4AaABAg,UCocVP_SDAhaWbu8aKNMg2uQ,2025-10-19T21:39:51Z,2025-10-19T21:39:51Z,0,0,"Wirtz was the crucial factor for Liverpool's goal. Don't belittle him, he's a great player.",0.7584
cWgBs2I51_w,UgzIntuWaE80i1DKEWt4AaABAg,UCMOnnSzccFP7bxzWBhRzUqg,2025-10-24T15:57:50Z,2025-10-24T15:57:50Z,0,0,Forever Man U,0.0
cWgBs2I51_w,UgxgKhaKBYS3GdqU6114AaABAg,UCGArXuxpzCrX9I1LmE9qgbA,2025-10-19T23:15:42Z,2025-10-19T23:15:42Z,0,0,That Barclays commercial is so stupid.,-0.656
cWgBs2I51_w,UgwW_dvMYHsyLXD6VGV4AaABAg,UCSp5F17dZr1Bb2pS5c8olEQ,2025-10-20T06:15:45Z,2025-10-20T06:15:45Z,0,0,We are Back ‚ù§‚ù§‚ù§‚ù§üéâüéâüéâüíØüíØüôèüëèüëèüëè,0.9774
cWgBs2I51_w,UgzNmpO9aF7amN-0ebh4AaABAg,UCakTu-yY3pCR97shktrqA3g,2025-10-20T12:01:13Z,2025-10-20T12:01:13Z,0,0,and there is no argument about the opening goal socred less than 10 seconds after VanDiuck elbowed his own player...,0.2755
cWgBs2I51_w,Ugxq1-ewcSxXC1TMm5B4AaABAg,UCns7FUrM4lVsJ1fZ8iHASxw,2025-10-30T22:07:24Z,2025-10-30T22:07:24Z,0,0,Im not sure ive ever heard a worse take my a commentator than to say Lammens should have come for the ball to Isak,-0.6202
cWgBs2I51_w,UgyjWfH0-8teVN6Afzt4AaABAg,UCZSguEeFIcsOvwfgl1ZlShA,2025-10-19T21:16:27Z,2025-10-19T21:16:27Z,0,0,you can't stop the goat.,0.2235
cWgBs2I51_w,UgzPEmg9eCR9Hi6v6aV4AaABAg,UCBc3sNy7StNR89oNlQQrQMg,2025-10-19T22:15:13Z,2025-10-19T22:15:13Z,0,0,"Looking at this highlight again, that Liverpool goal was offside",0.4118
cWgBs2I51_w,UgzXQOywnNpWuxgXdAt4AaABAg,UCRVhUh3Ekv7t_mTjjkmg2pg,2025-10-19T19:00:34Z,2025-10-19T19:00:34Z,0,0,Let‚Äôs gooo mbuemo üá®üá≤üá®üá≤üá®üá≤,0.0
cWgBs2I51_w,UgxidUM-x1dBNI4gBp14AaABAg,UCRqoS1J9QWohz55W0JitQZg,2025-10-19T19:55:24Z,2025-10-19T19:55:24Z,0,0,If kerkez starts another match I think I‚Äôll lose it,-0.4019
cWgBs2I51_w,UgzCRpoR00xH2U7nVXt4AaABAg,UCvFMkoc31otcMXY0FkGAlpw,2025-10-19T22:51:19Z,2025-10-19T22:51:19Z,0,0,mbeumo is awesome.,0.6249
cWgBs2I51_w,UgxNBMrzXVQwxSRq1zN4AaABAg,UCDGLhhIMnnknUq5bOJLW4-w,2025-10-20T01:47:08Z,2025-10-20T01:47:08Z,0,0,Liverpool dominated this game.  United were lucky. Anyone who watched the game knows this.,0.6808
cWgBs2I51_w,UgyssGOCA5mqDYjBe-F4AaABAg,UCVR4kfjTXwJWTKAqqxDj6Qg,2025-10-20T00:15:02Z,2025-10-20T00:15:02Z,0,0,"As a fan , I didn‚Äôt expected this results. I was hoping for a tie but I won‚Äôt complain. However, let‚Äôs see how we do 3-4 games deeper.",-0.1779
cWgBs2I51_w,UgzjJHvRJBg4lkPUuAF4AaABAg,UCUHT5w0psvbL1G5Jy_PYqrQ,2025-10-19T21:53:15Z,2025-10-19T21:53:15Z,0,0,LETS GOOOOOOOI,0.0
cWgBs2I51_w,UgzpjeqT7tmzHIIMW_R4AaABAg,UC4JYtQIhnW8lckUR1u6EkvQ,2025-10-20T02:41:35Z,2025-10-20T02:41:35Z,0,0,Glory glory man utd,0.7906
cWgBs2I51_w,UgzCmn4jId-7UWItotR4AaABAg,UClr5ofIAe4zgphlwrixnQyA,2025-10-19T19:20:26Z,2025-10-19T19:20:26Z,1,0,First goal = Kerkez failure to slide out the ball !,-0.5562
cWgBs2I51_w,UgxDG2lcO1Z8_3FoFL54AaABAg,UCNNPlWx1_msFpgYQ97eZqmw,2025-10-19T20:29:50Z,2025-10-19T20:29:50Z,0,0,Unforgettable Match,0.0
cWgBs2I51_w,UgxBFYsNKWHeOLob2p14AaABAg,UCbkhD5OUnELTgdlbFsvFb4A,2025-10-22T09:11:36Z,2025-10-22T09:11:36Z,1,0,Virgil was like a toddler lost on the field. Sub him next game,0.0516
cWgBs2I51_w,UgwPe-yCj9SCBKDC4ip4AaABAg,UCxCY0buhXFCZ7HkaKsOhHbg,2025-10-19T19:35:35Z,2025-10-19T19:35:48Z,0,0,I was expecting a Man U loss so I can go listen to Goldbridge rant.,-0.5719
cWgBs2I51_w,Ugy9PN4-xkzbejuEFcF4AaABAg,UCuDw3xOTTyJdtgjjA9_RF2w,2025-10-19T18:30:59Z,2025-10-19T18:30:59Z,0,0,Wirtz isn‚Äôt in Alonso‚Äôs system anymore he isn‚Äôt a flop give him the season. United for the win!!!!!,0.7482
cWgBs2I51_w,Ugz_prgNKt_rtr3qkqJ4AaABAg,UC3lVojO4CVxq_K3Yt0O8vgQ,2025-10-19T20:31:17Z,2025-10-19T20:31:17Z,0,0,Great hearts. well done both sides.,0.8885
cWgBs2I51_w,UgwK00DoV__StUr8kgN4AaABAg,UCqJqbyfveEDDjiFEy8LpqQw,2025-10-19T21:38:47Z,2025-10-19T21:38:47Z,0,0,Manchester should win this league no excuses,0.3818
cWgBs2I51_w,UgzevdTIaQkNSyL9w7F4AaABAg,UChq0EU3ZahYX6T137lAWuGA,2025-10-20T05:16:19Z,2025-10-20T05:16:19Z,0,0,"where is that famous ""celebration police""?",0.0
cWgBs2I51_w,UgzL0e30SJampDwWTyV4AaABAg,UCsTJ6TQyDjtHr_I_K-HWgcg,2025-10-20T03:01:46Z,2025-10-20T03:01:46Z,0,0,United United United,0.8126
cWgBs2I51_w,UgxBwG5J6locM_m73Dp4AaABAg,UCFMnffSynvW2QXcMoJ7GUIQ,2025-10-19T18:39:59Z,2025-10-19T18:39:59Z,2,0,Wheres all the united fans that wanted amorim sacked ?üòÇ.. and im glad harry was the guy to give them the win !!!,0.9243
cWgBs2I51_w,UgzNQ1DLcfpNKzXgA5V4AaABAg,UC7S5dK3UKanSeBSOh5VI6BQ,2025-10-19T19:55:11Z,2025-10-19T19:55:11Z,0,0,"Man bro we were supposed
To win this gameüò¢",0.1779
cWgBs2I51_w,UgzXM9AdxN-V3MAwbCd4AaABAg,UCvCTMvWT4ggxdZR3rhtHOdA,2025-10-19T20:57:07Z,2025-10-19T20:57:07Z,0,0,Gakpo could have had a hat-trick or the miss of the season with that tap in goal. Got very lucky. üòÇ,0.659
cWgBs2I51_w,UgwkXPRM9VVCtNhSsxp4AaABAg,UC3Bbacli4s1nwyvtw22krkA,2025-10-20T04:47:17Z,2025-10-20T04:47:17Z,0,0,Liv lineup still needs work. Slot needs to find the right 11. Gakpo and Szoboszlai have to be on the pitch,0.0
cWgBs2I51_w,UgzWamn8sj_2Xdad-Ol4AaABAg,UC5sF7rsboIIyiqevufuTNSg,2025-10-19T22:51:29Z,2025-10-19T22:51:44Z,0,0,"Man Utd need to wrap Cunha in bubble wrap. What a footballer he is, I'm not sure that they will win many games without him.",0.4287
cWgBs2I51_w,Ugxk1tvemLo5QHPqteB4AaABAg,UCMeyrep41Y5RqHJkSF5isfQ,2025-10-20T03:04:10Z,2025-10-20T03:04:10Z,0,0,Harry Maguire üêêüêêüêêüêê,0.0
cWgBs2I51_w,Ugw4Q8hYQGfr6RE-Hxt4AaABAg,UCtkNla8FkK4Nb8WeS-4yeAg,2025-10-19T19:40:30Z,2025-10-19T19:40:30Z,0,0,Miguires aura is unmatched,-0.0772
cWgBs2I51_w,Ugxq_14eaVV8oVrf8tJ4AaABAg,UCnhMRpAqJwYXnn6SJC-GlUg,2025-10-19T20:21:10Z,2025-10-19T20:21:10Z,0,0,Arsenal fans have never been so happy for a United win.,0.907
cWgBs2I51_w,UgysLOrTCOY-uFm_UMR4AaABAg,UCf__Mbd-SWsgmnA6vbSkpTg,2025-10-19T18:46:11Z,2025-10-19T18:46:11Z,0,0,"Glory, glory Man Uniiiiiiited",0.7906
cWgBs2I51_w,Ugw2YMBZN27bZAnoRbN4AaABAg,UCYQlfqd8rRfR2uR9aVdKPJA,2025-10-20T01:13:44Z,2025-10-20T01:13:44Z,0,0,I just don‚Äôt want our biggest rival to overcome us in total top flight titles since we‚Äôre 20 a piece! Hopefully the Gunnars don‚Äôt bottle it,0.6581
cWgBs2I51_w,UgxauLjdC8lHUZjujKV4AaABAg,UCJa01NiBUqr4CuNRecbz8Pg,2025-10-20T04:24:49Z,2025-10-20T04:24:49Z,0,0,Lfc is walking alone nowadays...,-0.25
cWgBs2I51_w,UgxRvWs49r0Fiv43FZ94AaABAg,UCRFb0RIe9Y4QpWfyNgTdsWA,2025-10-19T21:30:15Z,2025-10-19T21:31:22Z,0,0,"That one meme where Liverpool is recreating City's losing streak after winning against Southampton last season is actually coming true, wtf?",-0.0516
cWgBs2I51_w,Ugx_x4JGbjwfpwNtjOp4AaABAg,UCH2jVGHQ9YKA9bptOauov-w,2025-10-19T21:40:17Z,2025-10-19T21:40:17Z,0,0,van Dijk lets mbuemo run right by him lollllll,0.0
cWgBs2I51_w,Ugxj8Iy--88JsBpunpF4AaABAg,UCS8EoPiYSxkT1uH-7lpykEA,2025-10-19T20:00:28Z,2025-10-19T20:00:28Z,0,0,The curse of Lucho has descended upon Liverpool üíÄ,-0.5423
cWgBs2I51_w,Ugz-HmzY75QVKuTL2UR4AaABAg,UCjli7YI5pSouISLNXl77jkA,2025-10-20T16:30:04Z,2025-10-20T16:30:04Z,0,0,"Who would've thought Maguire is a better attacker than Isak,",-0.2023
cWgBs2I51_w,Ugwj1-4kXI8AG4nMebR4AaABAg,UCqnCCxc6PR-24MNbFW70SVA,2025-10-19T19:46:01Z,2025-10-19T19:46:01Z,0,0,I can admit I used to get frustrated with Harry Maguire and his poor performances a couple of seasons ago but he's the only player to really really show up in the big games through n through. He's a warrior! We need more players like him at United with a strong mentality! He just needs to keep this form of consistency as close as possible.,0.8898
cWgBs2I51_w,UgzWdDvqDK-_t_kfeet4AaABAg,UCahkaLYutXhYQkr1wZpHwYw,2025-10-19T22:23:49Z,2025-10-19T22:23:49Z,0,0,As a Madrid fan I‚Äôm not even worried when we face them in the champions league üòÖüòÇ,0.8998
cWgBs2I51_w,UgyEzIy9m3B105vpnRd4AaABAg,UCWZRWtOWSF3OdFS7fW3eW9w,2025-10-19T19:59:49Z,2025-10-19T19:59:49Z,0,0,Is had this predicted 2 v 1 Liverpool then 1 v 1 but good win,0.8765
cWgBs2I51_w,UgzG3rRztzsaR5rrlRl4AaABAg,UCcBNzjr0V7rJqofTuH2VZMA,2025-10-19T18:52:59Z,2025-10-19T18:52:59Z,2,0,Love when players flop and they get scored on right afterüòÇüòÇalways makes me laugh,0.8126
cWgBs2I51_w,UgxVBaQartg4P-ttRER4AaABAg,UCDWRudsaib6Pahb6ph6VNdw,2025-10-19T20:49:01Z,2025-10-19T20:49:01Z,0,0,HOLD THAT SCOUSERS,0.0
cWgBs2I51_w,UgxgO2j7cPsvF5-qw8N4AaABAg,UCTeY0IUygxiTUs-ER-3OrHA,2025-10-20T02:49:20Z,2025-10-20T02:50:41Z,0,0,Dang what a terrible result. Our problem now is letting I late goals rather than scoring,-0.7003
cWgBs2I51_w,UgwFA6qyxz_sJ4CGXBZ4AaABAg,UCNjGABqBVsYBdIAiqdGk5zw,2025-10-20T10:40:45Z,2025-10-20T10:40:45Z,0,0,You can tell that Maguire was confused that he scored üòÖüòÖüòÖüòÖüòÖ,0.8481
cWgBs2I51_w,UgwenUkA83pTiWlhudZ4AaABAg,UCYHHtSzapyjyXxIH4fQOLbA,2025-10-20T03:20:55Z,2025-10-20T03:20:55Z,0,0,Maguire has more goals than Liverpool's top three signings this year,0.2023
cWgBs2I51_w,Ugz6lSaenyOoV3CExGt4AaABAg,UCp19GYkG3N-0N_eEwOfg4_Q,2025-10-20T02:39:20Z,2025-10-20T02:39:20Z,0,0,My poor Fede needs a goal so badly.,-0.7959
cWgBs2I51_w,UgyCjLn8tdQJyQPJx2F4AaABAg,UCp49GGpZjnbNdodbcqMmPag,2025-10-20T03:28:09Z,2025-10-20T03:28:09Z,0,0,"Liverpool fans it‚Äôs ‚ÄúAI, Maguire don‚Äôt score‚Äù üòÇüòÇüòÇüòÇ.",0.891
cWgBs2I51_w,Ugwgk07Z43yc5u-L3fB4AaABAg,UCtkNla8FkK4Nb8WeS-4yeAg,2025-10-19T19:37:52Z,2025-10-19T19:37:52Z,0,0,liverpool hires three strikers only for Gakpo to be their best striker üòÇ,0.7579
cWgBs2I51_w,Ugw0Rvn_XLRvmufB5Tl4AaABAg,UC6sEqaXiDCKhMIIqlWkqHEQ,2025-10-20T01:54:53Z,2025-10-20T01:54:53Z,0,0,"Liverpool needs good strikers. Salah is either washed up or not in form, and no one else is stepping up.",0.0258
cWgBs2I51_w,UgxMzsjXmKlz49Nurnl4AaABAg,UCGzNrrXY44ZlabIIxeO3NLQ,2025-10-19T19:54:26Z,2025-10-19T19:54:26Z,0,0,"Virgil and Mo need to go. They reached their top in progress.
I wish I was wrong.",0.5574
cWgBs2I51_w,UgymRHK5_jakdFvZKph4AaABAg,UCceNJ5zheoeL2n0xbSXjc3A,2025-10-19T23:11:41Z,2025-10-19T23:11:41Z,0,0,On the 67th northwest derby‚Ä¶,0.0
cWgBs2I51_w,UgzjiAKAbxY5Knfm_1h4AaABAg,UCS6Ba_fCsPhZ_stfW2sF0bQ,2025-10-20T01:03:22Z,2025-10-20T01:03:22Z,0,0,Maguire is good when we play mainly counter and not pushing„ÄÇ,0.6486
cWgBs2I51_w,UgwcDeg7etYCt5bjsqV4AaABAg,UCmLMsWa12IaP73bdRBataqQ,2025-10-19T20:13:47Z,2025-10-19T20:13:47Z,0,0,BUILD HIM A STATUE!,0.0
cWgBs2I51_w,UgzEvFwpAtkBh8441AN4AaABAg,UCK3IKbQ89SzHR141IT5Rguw,2025-10-19T19:23:55Z,2025-10-19T19:23:55Z,0,0,Vamos ManU‚ÄºÔ∏è,0.0
