reply_id,parent_comment_id,author_channel_id,published_at,updated_at,reply_like_count,text,video_id,sent_compound
Ugx7UOrvAo7xdM4Z1OF4AaABAg.AOTe7x9xcMrAOThsxMqld-,Ugx7UOrvAo7xdM4Z1OF4AaABAg,UC30gszyN4SM0mc7FFzGRP5w,2025-10-19T19:50:44Z,2025-10-19T19:50:44Z,15,"Maguire, is he still in England team?",cWgBs2I51_w,0.0
Ugx7UOrvAo7xdM4Z1OF4AaABAg.AOTe7x9xcMrAOTk9lMevF2,Ugx7UOrvAo7xdM4Z1OF4AaABAg,UCvCTMvWT4ggxdZR3rhtHOdA,2025-10-19T20:10:38Z,2025-10-19T20:10:38Z,70,"On the flip side, salah was once a king but now a janitor.üòÇ",cWgBs2I51_w,0.5927
Ugx7UOrvAo7xdM4Z1OF4AaABAg.AOTe7x9xcMrAOTl6kIygwZ,Ugx7UOrvAo7xdM4Z1OF4AaABAg,UCHNMPyTqdgtGe_tMprmO_Qg,2025-10-19T20:18:58Z,2025-10-19T20:18:58Z,106,Maguire always shows up when needed,cWgBs2I51_w,0.0
Ugx7UOrvAo7xdM4Z1OF4AaABAg.AOTe7x9xcMrAOTlj45oZ9E,Ugx7UOrvAo7xdM4Z1OF4AaABAg,UC2l09vGWCBhgHAcOqVK6rIg,2025-10-19T20:24:20Z,2025-10-19T20:24:20Z,9,‚Äã@rodrigoespinoza5809 u mean in those other games he was not needed? üòÖüòÖüòÖüòÖ,cWgBs2I51_w,0.6586
Ugx7UOrvAo7xdM4Z1OF4AaABAg.AOTe7x9xcMrAOTmM2760dW,Ugx7UOrvAo7xdM4Z1OF4AaABAg,UCHNMPyTqdgtGe_tMprmO_Qg,2025-10-19T20:29:48Z,2025-10-19T20:29:48Z,24,‚Å†@DanielTadegejokes aside he‚Äôs not terrible and what I like about him is that he actually puts in effort regardless of how good he is which I can‚Äôt say for a lot of his teammates,cWgBs2I51_w,0.7878
Ugx7UOrvAo7xdM4Z1OF4AaABAg.AOTe7x9xcMrAOTmiL9N886,Ugx7UOrvAo7xdM4Z1OF4AaABAg,UC9hlfMXGSagGFaemOZsNF9w,2025-10-19T20:32:58Z,2025-10-19T20:32:58Z,19,"@rodrigoespinoza5809he is absolutely clutch for united . Maguire always does something in random moments that have heavy impact like today , he against Lyon last year and there‚Äôs other moments too",cWgBs2I51_w,0.6771
Ugx7UOrvAo7xdM4Z1OF4AaABAg.AOTe7x9xcMrAOTnOvohHBU,Ugx7UOrvAo7xdM4Z1OF4AaABAg,UC8cZMRKaTJH44uyZcZP9jzA,2025-10-19T20:38:56Z,2025-10-19T20:38:56Z,5,"I think these are his two permanent personalities üòÇ. Honestly, I admire that about him. He doesn't break down under all these jokes and continues to work.",cWgBs2I51_w,0.875
Ugx7UOrvAo7xdM4Z1OF4AaABAg.AOTe7x9xcMrAOTpui8kpvD,Ugx7UOrvAo7xdM4Z1OF4AaABAg,UCOop8mMT2r1ecYeD3Jb1wWw,2025-10-19T21:00:53Z,2025-10-19T21:00:53Z,12,Since he's came back to form he really has been excellent. We never doubted his commitment but now we are seeing his class,cWgBs2I51_w,0.3175
Ugx7UOrvAo7xdM4Z1OF4AaABAg.AOTe7x9xcMrAOTsElwTuV_,Ugx7UOrvAo7xdM4Z1OF4AaABAg,UCbgQEdxBD23ViXWKMZPhaFw,2025-10-19T21:21:14Z,2025-10-19T21:21:14Z,6,"@rodrigoespinoza5809, the slab.ü§£ü§£",cWgBs2I51_w,0.7506
Ugx7UOrvAo7xdM4Z1OF4AaABAg.AOTe7x9xcMrAOTuLwLtjnw,Ugx7UOrvAo7xdM4Z1OF4AaABAg,UC5YvTxFM28x_SJOV8HvQrRA,2025-10-19T21:39:41Z,2025-10-19T21:39:41Z,16,Best knee slide celly in the prem,cWgBs2I51_w,0.6369
Ugx7UOrvAo7xdM4Z1OF4AaABAg.AOTe7x9xcMrAOTuOBTnhYa,Ugx7UOrvAo7xdM4Z1OF4AaABAg,UChJm2hjqQumfr1bsFiegYZg,2025-10-19T21:39:59Z,2025-10-19T21:39:59Z,0,Center backs only score at the most important times.,cWgBs2I51_w,0.2247
Ugx7UOrvAo7xdM4Z1OF4AaABAg.AOTe7x9xcMrAOTyXKMJnGG,Ugx7UOrvAo7xdM4Z1OF4AaABAg,UC6SzPz2g8pqg_i86SY2meeg,2025-10-19T22:16:12Z,2025-10-19T22:16:12Z,0,"A legend? What are you talking about mate? I appreciate Maguire's commitment but he is part of the recruitment gaffes at Man Utd, don't go about calling anyone who can score a goal against Liverpool a legend.",cWgBs2I51_w,0.4606
Ugx7UOrvAo7xdM4Z1OF4AaABAg.AOTe7x9xcMrAOU-SQ5w3Uy,Ugx7UOrvAo7xdM4Z1OF4AaABAg,UCb8wjkKWkurgpTWkSmWWiSw,2025-10-19T22:33:00Z,2025-10-19T22:33:00Z,3,"He was playing terrible, wasn‚Äôt reacting fast enough in defense. His aerial ability has always been his strength. he‚Äôs been in form lately, tackling, marking & using his physicality to his advantage",cWgBs2I51_w,0.6908
Ugx7UOrvAo7xdM4Z1OF4AaABAg.AOTe7x9xcMrAOU0GlDEvmC,Ugx7UOrvAo7xdM4Z1OF4AaABAg,UCIGSfpzTqjA0mWT9MA6Yjyg,2025-10-19T22:40:09Z,2025-10-19T22:40:09Z,0,preach!,cWgBs2I51_w,0.0
Ugx7UOrvAo7xdM4Z1OF4AaABAg.AOTe7x9xcMrAOU0kVoUjxz,Ugx7UOrvAo7xdM4Z1OF4AaABAg,UCF_PSiOYULTpi0TIh-MtqOQ,2025-10-19T22:44:20Z,2025-10-19T22:44:20Z,1,"honestly being a united fan and seeing his comeback im so proud, he never stopped working no matter how bad the hate got, and that especially tough in england, ifykyk",cWgBs2I51_w,0.5705
Ugx7UOrvAo7xdM4Z1OF4AaABAg.AOTe7x9xcMrAOU6iuAoJ1p,Ugx7UOrvAo7xdM4Z1OF4AaABAg,UCLNzH6Laxf-AqsvwVdMv4Aw,2025-10-19T23:36:33Z,2025-10-19T23:36:33Z,1,Definitely still a meme,cWgBs2I51_w,0.4019
Ugx7UOrvAo7xdM4Z1OF4AaABAg.AOTe7x9xcMrAOUARj-LLG-,Ugx7UOrvAo7xdM4Z1OF4AaABAg,UCTh2PU__1O1NSZPPhCX9_Rw,2025-10-20T00:09:01Z,2025-10-20T00:09:01Z,1,jajaja still a meme tio,cWgBs2I51_w,0.0
Ugx7UOrvAo7xdM4Z1OF4AaABAg.AOTe7x9xcMrAOUDz03ILLl,Ugx7UOrvAo7xdM4Z1OF4AaABAg,UCHMheWZdqvsHq_w83LpPszw,2025-10-20T00:39:55Z,2025-10-20T00:39:55Z,0,He's learned which goal to shoot for,cWgBs2I51_w,-0.34
Ugx7UOrvAo7xdM4Z1OF4AaABAg.AOTe7x9xcMrAOUE5pbxaIC,Ugx7UOrvAo7xdM4Z1OF4AaABAg,UCaJ6ZM2w1mylqsA3cfCc_aw,2025-10-20T00:40:59Z,2025-10-20T00:40:59Z,0,slab head is legitimately a clutch player for Utd,cWgBs2I51_w,0.0
Ugx7UOrvAo7xdM4Z1OF4AaABAg.AOTe7x9xcMrAOUFaH8uA_e,Ugx7UOrvAo7xdM4Z1OF4AaABAg,UC72tvLkFjDouqPp2uUouJ2g,2025-10-20T00:54:01Z,2025-10-20T00:54:01Z,0,More so than Phil Jones.,cWgBs2I51_w,0.0
Ugx7UOrvAo7xdM4Z1OF4AaABAg.AOTe7x9xcMrAOUI9wdhL0X,Ugx7UOrvAo7xdM4Z1OF4AaABAg,UChwJHeVGilKNrWxGKQ-fQLQ,2025-10-20T01:16:30Z,2025-10-20T01:16:30Z,0,"Not quite. It's too early for that. He's still got a lot of work to do, especially in defense. Letting a player just glide alongside 4 defenders and not a single one made attempt to take the ball away is unacceptable.",cWgBs2I51_w,-0.2315
Ugx7UOrvAo7xdM4Z1OF4AaABAg.AOTe7x9xcMrAOUJs83rt7C,Ugx7UOrvAo7xdM4Z1OF4AaABAg,UC0GIx2xfRLBpIjcWH--DvSg,2025-10-20T01:31:24Z,2025-10-20T01:31:24Z,0,Love the anime comeback of Harry Maguire,cWgBs2I51_w,0.6369
Ugx7UOrvAo7xdM4Z1OF4AaABAg.AOTe7x9xcMrAOUMMKYzXFT,Ugx7UOrvAo7xdM4Z1OF4AaABAg,UCrsMKZlWEfBpkW7RBmwY-0A,2025-10-20T01:53:09Z,2025-10-20T01:53:09Z,0,"As a Gunner, I must commend Man Untd for a job well done.

Cheers.... I am proud of you.",cWgBs2I51_w,0.8807
Ugx7UOrvAo7xdM4Z1OF4AaABAg.AOTe7x9xcMrAOUhph8yvx8,Ugx7UOrvAo7xdM4Z1OF4AaABAg,UCjo1-8ITlBZAzvZKrsDf9iQ,2025-10-20T05:09:32Z,2025-10-20T05:09:32Z,0,"he deserves a documentary, he was pure comedy on the pitch at one point",cWgBs2I51_w,0.3612
Ugx7UOrvAo7xdM4Z1OF4AaABAg.AOTe7x9xcMrAOUp8zHFYMo,Ugx7UOrvAo7xdM4Z1OF4AaABAg,UCPryPRtAa0Buqv0CnavmW0g,2025-10-20T06:13:28Z,2025-10-20T06:13:28Z,0,Plain and simple he re-read his contract and realized he's playing for Manchester United...,cWgBs2I51_w,0.5574
Ugx7UOrvAo7xdM4Z1OF4AaABAg.AOTe7x9xcMrAOVH0iYcblW,Ugx7UOrvAo7xdM4Z1OF4AaABAg,UCSiNM0Gcq5618mKGyoSgXrw,2025-10-20T10:25:45Z,2025-10-20T10:25:45Z,1,Maguire is On Fire Go Man U,cWgBs2I51_w,-0.34
Ugx7UOrvAo7xdM4Z1OF4AaABAg.AOTe7x9xcMrAOVNMFFpj7I,Ugx7UOrvAo7xdM4Z1OF4AaABAg,UCvCQQs1IBBF7YUj3Jam5bZA,2025-10-20T11:21:07Z,2025-10-20T11:21:07Z,0,Villa supporter very funny Maguire the donkey floors Liverpool,cWgBs2I51_w,0.6478
Ugx7UOrvAo7xdM4Z1OF4AaABAg.AOTe7x9xcMrAOVNu4aK35h,Ugx7UOrvAo7xdM4Z1OF4AaABAg,UCskTcSmU4VWg76gt4Bej_3Q,2025-10-20T11:25:52Z,2025-10-20T11:25:52Z,1,‚Äã@deepergreenerpastures2264 Virgil was once a vital player and now a pitch invader üòÇ,cWgBs2I51_w,0.6249
Ugx7UOrvAo7xdM4Z1OF4AaABAg.AOTe7x9xcMrAOVO0kualw5,Ugx7UOrvAo7xdM4Z1OF4AaABAg,UCskTcSmU4VWg76gt4Bej_3Q,2025-10-20T11:26:55Z,2025-10-20T11:26:55Z,1,‚Äã@deepergreenerpastures2264 and van dijk was once a vital player to being a pitch invaderüòÇ,cWgBs2I51_w,0.6249
Ugx7UOrvAo7xdM4Z1OF4AaABAg.AOTe7x9xcMrAOW55yOMFx1,Ugx7UOrvAo7xdM4Z1OF4AaABAg,UCbiPobkwvRI16UhuDh2MWyg,2025-10-20T18:00:51Z,2025-10-20T18:00:51Z,0,Legend? üòÇüòÇüòÇüòÇüòÇüòÇüòÇüòÇüòÇüòÇüòÇüòÇüòÇüòÇüòÇüòÇüòÇüòÇüòÇüòÇüòÇüòÇüòÇüòÇüòÇüòÇüòÇüòÇüòÇ,cWgBs2I51_w,0.9975
Ugx7UOrvAo7xdM4Z1OF4AaABAg.AOTe7x9xcMrAOWiDsizKgE,Ugx7UOrvAo7xdM4Z1OF4AaABAg,UCsUtLyackj8F_U6v3lsRc4w,2025-10-20T23:51:27Z,2025-10-20T23:51:27Z,0,Frrr not going to lieüòÇ,cWgBs2I51_w,0.4404
Ugx7UOrvAo7xdM4Z1OF4AaABAg.AOTe7x9xcMrAOYdAa88bSb,Ugx7UOrvAo7xdM4Z1OF4AaABAg,UCJSxwrZYTnVUgI7wapN9yoQ,2025-10-21T17:45:47Z,2025-10-21T17:45:47Z,1,"‚Äã@rodrigoespinoza5809Take note kids. üìù‚úçÔ∏è
Just keep your composure, focus, common sense, and there will be a future when those who said you couldn't, will be the ones that could never get as far as you did. üí™",cWgBs2I51_w,0.0
Ugx7UOrvAo7xdM4Z1OF4AaABAg.AOTe7x9xcMrAOagaC7BMBz,Ugx7UOrvAo7xdM4Z1OF4AaABAg,UCkMj4-UElIL2R-K0A70xjBg,2025-10-22T22:13:21Z,2025-10-22T22:13:21Z,0,"It‚Äôs frustrating that most players seem selfish, except for Wirtz and Szoboszlai. Those who score goals don‚Äôt show any gratitude to the ones who create the chances, like Wirtz and Szoboszlai. Salah, as the years go by, is becoming the most selfish player, which is bad for the team.",cWgBs2I51_w,-0.6659
Ugx7UOrvAo7xdM4Z1OF4AaABAg.AOTe7x9xcMrAOySQbqyjDk,Ugx7UOrvAo7xdM4Z1OF4AaABAg,UC511Y0QpgB9j0OKXGPhUqgA,2025-11-01T03:42:37Z,2025-11-01T03:42:37Z,0,Never a meme for those who know ball‚Ä¶,cWgBs2I51_w,0.0
Ugx7UOrvAo7xdM4Z1OF4AaABAg.AOTe7x9xcMrAPQN5QO07J2,Ugx7UOrvAo7xdM4Z1OF4AaABAg,UCezsCTNsIIqkY1dicPkLBug,2025-11-12T09:14:00Z,2025-11-12T09:14:00Z,0,As a United fan I love this guy üòÇ legend,cWgBs2I51_w,0.9042
Ugx7UOrvAo7xdM4Z1OF4AaABAg.AOTe7x9xcMrAQFVCIRlNvL,Ugx7UOrvAo7xdM4Z1OF4AaABAg,UCe6-vjkKwuYi9oUK0PyjxrA,2025-12-03T00:24:36Z,2025-12-03T00:24:36Z,0,Liverpool is the biggest club,cWgBs2I51_w,0.0
Ugztmro7rxgEovHvpgl4AaABAg.AOTa_Sy6pLhAOTf70HTnoY,Ugztmro7rxgEovHvpgl4AaABAg,UCufnliGmjrttfb16jKJ-CfA,2025-10-19T19:26:34Z,2025-10-19T19:26:34Z,50,maaaaaaaanü§£ü§£ü§£ü§£,cWgBs2I51_w,0.9153
Ugztmro7rxgEovHvpgl4AaABAg.AOTa_Sy6pLhAOU-n7xmF4b,Ugztmro7rxgEovHvpgl4AaABAg,UCEZ1boxFRYYnw9QlRhoS8rA,2025-10-19T22:35:58Z,2025-10-19T22:35:58Z,22,üò≠üò≠üò≠üò≠üò≠,cWgBs2I51_w,-0.9382
Ugztmro7rxgEovHvpgl4AaABAg.AOTa_Sy6pLhAOU-pTNR5tc,Ugztmro7rxgEovHvpgl4AaABAg,UCEZ1boxFRYYnw9QlRhoS8rA,2025-10-19T22:36:17Z,2025-10-19T22:36:17Z,7,üò≠üò≠üò≠üò≠üò≠,cWgBs2I51_w,-0.9382
Ugztmro7rxgEovHvpgl4AaABAg.AOTa_Sy6pLhAOUDQP-Q2wv,Ugztmro7rxgEovHvpgl4AaABAg,UCQRmtfCrxWyaD4_LZNkecLA,2025-10-20T00:35:03Z,2025-10-20T00:35:03Z,29,Massive flops,cWgBs2I51_w,-0.34
Ugztmro7rxgEovHvpgl4AaABAg.AOTa_Sy6pLhAOUIAXG_vEK,Ugztmro7rxgEovHvpgl4AaABAg,UCbhxg4sv9nOxDiELcOoa_vA,2025-10-20T01:16:35Z,2025-10-20T01:16:35Z,20,Isak already scored at Anfield like 3 or 2 times. Be more specific as in as a LiVARpool player. üòâ,cWgBs2I51_w,0.3612
Ugztmro7rxgEovHvpgl4AaABAg.AOTa_Sy6pLhAOULfUaCdYn,Ugztmro7rxgEovHvpgl4AaABAg,UCU9ohOf6h-4TSzAFrfxjndw,2025-10-20T01:47:09Z,2025-10-20T01:47:09Z,1,üòÇüòÇüòÇ,cWgBs2I51_w,0.8271
Ugztmro7rxgEovHvpgl4AaABAg.AOTa_Sy6pLhAOUNdNf_Zqa,Ugztmro7rxgEovHvpgl4AaABAg,UCdiW4uthd1lE7KRzV8SW-6Q,2025-10-20T02:04:21Z,2025-10-20T02:04:21Z,24,@Alexander-le1bv We all understood what he meant lol.,cWgBs2I51_w,0.4215
Ugztmro7rxgEovHvpgl4AaABAg.AOTa_Sy6pLhAOUWmPpk2X6,Ugztmro7rxgEovHvpgl4AaABAg,UC2RlU1wQwEExOXO1wD1ZX1w,2025-10-20T03:24:13Z,2025-10-20T03:24:13Z,0,each,cWgBs2I51_w,0.0
Ugztmro7rxgEovHvpgl4AaABAg.AOTa_Sy6pLhAOVcvipETkq,Ugztmro7rxgEovHvpgl4AaABAg,UCCZeU1dSRkMnl6M11lOv4aQ,2025-10-20T13:45:54Z,2025-10-20T13:45:54Z,2,Cooked Liverpool,cWgBs2I51_w,0.0
Ugztmro7rxgEovHvpgl4AaABAg.AOTa_Sy6pLhAOYtdgoQDY2,Ugztmro7rxgEovHvpgl4AaABAg,UCflX5U82gjiXWLzNBTKZyrw,2025-10-21T20:09:43Z,2025-10-21T20:09:43Z,3,Harry Maguire having more goals at Anfield than Isak/Salah/Wirtz combined this season has to be one of the most insane stats ever lol,cWgBs2I51_w,-0.0498
UgxWvk-vPbrYeHwEmw94AaABAg.AOTZ-qTsURZAOT_G-YbxB0,UgxWvk-vPbrYeHwEmw94AaABAg,UCbhxg4sv9nOxDiELcOoa_vA,2025-10-19T18:35:22Z,2025-10-19T18:35:22Z,86,"My idol Pohammad Palah didn‚Äôt get a penaltyüò¢üò¢üò¢. He was supposed to statpad a tap in and silence the haters. LiVARpool TID!!! Oliver why didn‚Äôt you award us a penalty so the ghost of Egypt couldn‚Äôt cover up his stinker. All of you haters are jealous that 007 and Twerkez signed for usüò°. How did we lose to United, we sang the YNWA song and everything! Slot out YNWAüò°üò°üò°üëªüëª.",cWgBs2I51_w,-0.9833
UgxWvk-vPbrYeHwEmw94AaABAg.AOTZ-qTsURZAOTa9VTc5if,UgxWvk-vPbrYeHwEmw94AaABAg,UC2KfDPsxW9HVbN9J0r5Z4jw,2025-10-19T18:43:13Z,2025-10-19T18:43:13Z,15,Time stamp?,cWgBs2I51_w,0.0
UgxWvk-vPbrYeHwEmw94AaABAg.AOTZ-qTsURZAOTb1YggykW,UgxWvk-vPbrYeHwEmw94AaABAg,UC41QvTQ_y3IIJYQg4m6H8Ow,2025-10-19T18:50:53Z,2025-10-19T18:50:53Z,30,9:29 ‚Äã@FancyBubu,cWgBs2I51_w,0.0
UgxWvk-vPbrYeHwEmw94AaABAg.AOTZ-qTsURZAOTkOrn7WAD,UgxWvk-vPbrYeHwEmw94AaABAg,UCpdiKOvF_Xotz8FV-vRHRSw,2025-10-19T20:12:42Z,2025-10-19T20:12:42Z,15,@Alexander-le1bv Are you having a stoke?,cWgBs2I51_w,0.0
UgxWvk-vPbrYeHwEmw94AaABAg.AOTZ-qTsURZAOTkX_mKCeA,UgxWvk-vPbrYeHwEmw94AaABAg,UCpdiKOvF_Xotz8FV-vRHRSw,2025-10-19T20:13:54Z,2025-10-19T20:13:54Z,23,But he didn't moan?,cWgBs2I51_w,0.1695
UgxWvk-vPbrYeHwEmw94AaABAg.AOTZ-qTsURZAOTkvM1Y5rt,UgxWvk-vPbrYeHwEmw94AaABAg,UCw0OgaaHWWUMxojzykcwbeQ,2025-10-19T20:17:16Z,2025-10-19T20:17:16Z,6,‚Å†@Alexander-le1bv ragebait at its finest,cWgBs2I51_w,0.0
UgxWvk-vPbrYeHwEmw94AaABAg.AOTZ-qTsURZAOTofrobf6i,UgxWvk-vPbrYeHwEmw94AaABAg,UC2KfDPsxW9HVbN9J0r5Z4jw,2025-10-19T20:50:07Z,2025-10-19T20:50:07Z,12,@hux2000yeah I don‚Äôt hear it,cWgBs2I51_w,0.0
UgxWvk-vPbrYeHwEmw94AaABAg.AOTZ-qTsURZAOTowI3G64H,UgxWvk-vPbrYeHwEmw94AaABAg,UC7OwlVChkSfSFsK4O1vE-ZA,2025-10-19T20:52:21Z,2025-10-19T20:52:21Z,13,@FancyBubu that was on the Sky broadcast not this US one,cWgBs2I51_w,0.0
UgxWvk-vPbrYeHwEmw94AaABAg.AOTZ-qTsURZAOTryp7E-gl,UgxWvk-vPbrYeHwEmw94AaABAg,UCyz71kKGbECgm5YQ5CuwVlQ,2025-10-19T21:18:55Z,2025-10-19T21:18:55Z,0,that pfp seems familiar,cWgBs2I51_w,0.0
UgxWvk-vPbrYeHwEmw94AaABAg.AOTZ-qTsURZAOTwiEHB2Y_,UgxWvk-vPbrYeHwEmw94AaABAg,UCLM8LhjhUfWec620znDAKsg,2025-10-19T22:00:20Z,2025-10-19T22:00:20Z,0,@hux2000 same thoughts,cWgBs2I51_w,0.0
UgxWvk-vPbrYeHwEmw94AaABAg.AOTZ-qTsURZAOTwnbXM0ky,UgxWvk-vPbrYeHwEmw94AaABAg,UCLM8LhjhUfWec620znDAKsg,2025-10-19T22:01:04Z,2025-10-19T22:01:04Z,1,"are you the guy that went on an inter miami highlight and spammed, ‚ÄúSHUT UP RONALDO BETTER‚Äù üòÇ",cWgBs2I51_w,0.6486
UgxWvk-vPbrYeHwEmw94AaABAg.AOTZ-qTsURZAOU-AFgur6f,UgxWvk-vPbrYeHwEmw94AaABAg,UCMxs6HCKMhTDw3UMWOEDxFg,2025-10-19T22:30:31Z,2025-10-19T22:30:31Z,5,@hux2000it was on sky sports commentary,cWgBs2I51_w,0.0
UgxWvk-vPbrYeHwEmw94AaABAg.AOTZ-qTsURZAOU8PuzJGcQ,UgxWvk-vPbrYeHwEmw94AaABAg,UC1-DVd7yz1l1ZKs8CupWCuw,2025-10-19T23:51:18Z,2025-10-19T23:51:18Z,2,@Alexander-le1bvI‚Äôm getting flashbacks to the 2020-2023 slander era reading this,cWgBs2I51_w,0.0
UgxWvk-vPbrYeHwEmw94AaABAg.AOTZ-qTsURZAOUjWLjE5PT,UgxWvk-vPbrYeHwEmw94AaABAg,UCc1DKK-PnmbnE3CjM2wfLaQ,2025-10-20T05:24:14Z,2025-10-20T05:24:14Z,0,"@Alexander-le1bv ""how did you know im Indian""",cWgBs2I51_w,0.0
UgxWvk-vPbrYeHwEmw94AaABAg.AOTZ-qTsURZAOVyXCtc7vM,UgxWvk-vPbrYeHwEmw94AaABAg,UCbhxg4sv9nOxDiELcOoa_vA,2025-10-20T16:54:39Z,2025-10-20T16:54:39Z,0,"@jeffjeef2448I‚Äôm not Indian mate.
I‚Äôm sure you‚Äôve seen that meme template before. Project much? Im just exposing Salah for the fraud he is. If you don‚Äôt find it funny that‚Äôs cool but don‚Äôt associate me with Indian ‚Äúfans‚Äù who don‚Äôt know anything about football. Maybe your club shouldn‚Äôt lose to United in the first place.",cWgBs2I51_w,0.1154
UgxWvk-vPbrYeHwEmw94AaABAg.AOTZ-qTsURZAOVynVXkPPV,UgxWvk-vPbrYeHwEmw94AaABAg,UCbhxg4sv9nOxDiELcOoa_vA,2025-10-20T16:57:01Z,2025-10-20T16:57:01Z,0,"@hux2000You mean stroke right?üòÇ It‚Äôs just banter, deal with it. The only ones having a ‚Äústoke‚Äù is VARsenal.",cWgBs2I51_w,0.4404
UgxWvk-vPbrYeHwEmw94AaABAg.AOTZ-qTsURZAOVyqkdKkyZ,UgxWvk-vPbrYeHwEmw94AaABAg,UCbhxg4sv9nOxDiELcOoa_vA,2025-10-20T16:57:28Z,2025-10-20T16:57:28Z,0,‚Å†@stephenanthonysmithGlad you recognized my inspiration üòÖ.,cWgBs2I51_w,0.7096
UgxWvk-vPbrYeHwEmw94AaABAg.AOTZ-qTsURZAOWkooZj_vR,UgxWvk-vPbrYeHwEmw94AaABAg,UCc1DKK-PnmbnE3CjM2wfLaQ,2025-10-21T00:14:06Z,2025-10-21T00:14:06Z,0,@Alexander-le1bv keep coping,cWgBs2I51_w,0.0
UgxWvk-vPbrYeHwEmw94AaABAg.AOTZ-qTsURZAOX6viKDV5r,UgxWvk-vPbrYeHwEmw94AaABAg,UCbhxg4sv9nOxDiELcOoa_vA,2025-10-21T03:36:01Z,2025-10-21T03:36:01Z,0,@jeffjeef2448???About what. Your education must have failed you budüòÖ.,cWgBs2I51_w,-0.327
UgxWvk-vPbrYeHwEmw94AaABAg.AOTZ-qTsURZAOXJZnZWXcd,UgxWvk-vPbrYeHwEmw94AaABAg,UC1-DVd7yz1l1ZKs8CupWCuw,2025-10-21T05:26:29Z,2025-10-21T05:26:29Z,0,@Alexander-le1bvLiterally every UCL and PL highlight video on YouTube had a comment section full of these it was so unserious,cWgBs2I51_w,0.34
Ugzhdb8Jjr8r_D0pGRR4AaABAg.AOTYxzsxxNyAOTZ_KxYMVb,Ugzhdb8Jjr8r_D0pGRR4AaABAg,UCP2xVBOCI--LnOwiw7z6_6w,2025-10-19T18:29:25Z,2025-10-19T18:29:25Z,81,Harry Maguire is a warrior and a man,cWgBs2I51_w,0.0
Ugzhdb8Jjr8r_D0pGRR4AaABAg.AOTYxzsxxNyAOTZo_SX64q,Ugzhdb8Jjr8r_D0pGRR4AaABAg,UCep4_is7K4UKb6bFdAArbMg,2025-10-19T18:31:30Z,2025-10-19T18:31:30Z,104,"yeah man, that is some tough mentality. to be hated and joked upon globally thru social media etc and still competes and come through ... wow",cWgBs2I51_w,0.3818
Ugzhdb8Jjr8r_D0pGRR4AaABAg.AOTYxzsxxNyAOT_EvtZwrU,Ugzhdb8Jjr8r_D0pGRR4AaABAg,UCbhxg4sv9nOxDiELcOoa_vA,2025-10-19T18:35:14Z,2025-10-19T18:35:14Z,10,"My idol Pohammad Palah didn‚Äôt get a penaltyüò¢üò¢üò¢. He was supposed to statpad a tap in and silence the haters. LiVARpool TID!!! Oliver why didn‚Äôt you award us a penalty so the ghost of Egypt couldn‚Äôt cover up his stinker. All of you haters are jealous that 007 and Twerkez signed for usüò°. How did we lose to United, we sang the YNWA song and everything! Slot out YNWAüò°üò°üò°üëªüëª.",cWgBs2I51_w,-0.9833
Ugzhdb8Jjr8r_D0pGRR4AaABAg.AOTYxzsxxNyAOTdANp-xwP,Ugzhdb8Jjr8r_D0pGRR4AaABAg,UCmzmehmzaNaKP1ouhOa22VQ,2025-10-19T19:09:34Z,2025-10-19T19:09:34Z,35,Deserves every bit of praise he gets nowadays,cWgBs2I51_w,0.5574
Ugzhdb8Jjr8r_D0pGRR4AaABAg.AOTYxzsxxNyAOTeAtDtMLP,Ugzhdb8Jjr8r_D0pGRR4AaABAg,UCYEuSDUKquip7ZDrBkrkevw,2025-10-19T19:18:22Z,2025-10-19T19:18:22Z,8,The goat üêê,cWgBs2I51_w,0.0
Ugzhdb8Jjr8r_D0pGRR4AaABAg.AOTYxzsxxNyAOTirmjIXTR,Ugzhdb8Jjr8r_D0pGRR4AaABAg,UCixHblUWs9df9VNkhBlTdBQ,2025-10-19T19:59:19Z,2025-10-19T19:59:19Z,5,Bro üóø is good people need to respect him,cWgBs2I51_w,0.7184
Ugzhdb8Jjr8r_D0pGRR4AaABAg.AOTYxzsxxNyAOTw-_PNaS7,Ugzhdb8Jjr8r_D0pGRR4AaABAg,UCyIN1ZEkB4_bSF2I1UPeGvQ,2025-10-19T21:54:06Z,2025-10-19T21:54:06Z,2,And the same goal!,cWgBs2I51_w,0.0
Ugzhdb8Jjr8r_D0pGRR4AaABAg.AOTYxzsxxNyAOUAo9FWzdl,Ugzhdb8Jjr8r_D0pGRR4AaABAg,UCYEuSDUKquip7ZDrBkrkevw,2025-10-20T00:12:13Z,2025-10-20T00:12:49Z,0,@Alexander-le1bv        fake Liverpool fan,cWgBs2I51_w,-0.2023
Ugzhdb8Jjr8r_D0pGRR4AaABAg.AOTYxzsxxNyAOViSynUsSA,Ugzhdb8Jjr8r_D0pGRR4AaABAg,UC_PTucMJ4Q6Sai3KxBUap7A,2025-10-20T14:34:16Z,2025-10-20T14:34:16Z,0,"Also scored the winner against Lyon, and as a madrid fan united are getting better",cWgBs2I51_w,0.8957
Ugzhdb8Jjr8r_D0pGRR4AaABAg.AOTYxzsxxNyAOZAZfpDCNg,Ugzhdb8Jjr8r_D0pGRR4AaABAg,UCDZXoksZf7LsHfmpFmaO21w,2025-10-21T22:46:19Z,2025-10-21T22:46:19Z,0,Harry is the only thing I like about Man Utd,cWgBs2I51_w,0.3612
UgxFgvZ1FASnwdfgziV4AaABAg.AOThEZfxaAhAOTsUtYiCX4,UgxFgvZ1FASnwdfgziV4AaABAg,UCLYlyanmJolGUqxohxBwzJg,2025-10-19T21:23:26Z,2025-10-19T21:23:26Z,8,Pressure? What pressure!,cWgBs2I51_w,-0.5707
UgxFgvZ1FASnwdfgziV4AaABAg.AOThEZfxaAhAOTyfcmKVbw,UgxFgvZ1FASnwdfgziV4AaABAg,UCmuPDkaQISq3MjJpa6JJjmQ,2025-10-19T22:17:28Z,2025-10-19T22:17:28Z,12,They play it every commercial break he may as well have,cWgBs2I51_w,0.5423
UgxFgvZ1FASnwdfgziV4AaABAg.AOThEZfxaAhAOWvUQK6y2U,UgxFgvZ1FASnwdfgziV4AaABAg,UCHo6UjoOtW60GMOFmm-qMJg,2025-10-21T01:47:18Z,2025-10-21T01:47:18Z,0,üòÇüòÇüòÇ,cWgBs2I51_w,0.8271
Ugx4mg7PjClLrUPPv6J4AaABAg.AOTYnHn3lmsAOTZUz2dETW,Ugx4mg7PjClLrUPPv6J4AaABAg,UCmciGGIsVksCVi8n9I1-hNQ,2025-10-19T18:28:41Z,2025-10-19T18:28:41Z,10,Yep,cWgBs2I51_w,0.296
Ugx4mg7PjClLrUPPv6J4AaABAg.AOTYnHn3lmsAOT_iXCb-l1,Ugx4mg7PjClLrUPPv6J4AaABAg,UC6k-0_nTu-z_9sFm1NyoOOg,2025-10-19T18:39:24Z,2025-10-19T18:39:24Z,39,Fantastic performance? They had 3 balls to the post and a huge miss by gakpo. I would say super lucky,cWgBs2I51_w,0.9001
Ugx4mg7PjClLrUPPv6J4AaABAg.AOTYnHn3lmsAOTaZeNSxlN,Ugx4mg7PjClLrUPPv6J4AaABAg,UCBQcYpqW6iMeVWkAT3Ts6Mw,2025-10-19T18:46:48Z,2025-10-19T18:46:48Z,69,@Blue-nm9qp United hit the post too.,cWgBs2I51_w,0.4215
Ugx4mg7PjClLrUPPv6J4AaABAg.AOTYnHn3lmsAOTaZnsKUbe,Ugx4mg7PjClLrUPPv6J4AaABAg,UCP2xVBOCI--LnOwiw7z6_6w,2025-10-19T18:46:49Z,2025-10-19T18:46:49Z,34,"Disregard the crying moaning excuses, United did fantastic. I actually have tears in my eyes even now.",cWgBs2I51_w,-0.0258
Ugx4mg7PjClLrUPPv6J4AaABAg.AOTYnHn3lmsAOTaa8xhEXg,Ugx4mg7PjClLrUPPv6J4AaABAg,UCaACGHIrqAVDPT0JVNOvbKw,2025-10-19T18:47:00Z,2025-10-19T18:47:00Z,0,game was scripted,cWgBs2I51_w,0.0
Ugx4mg7PjClLrUPPv6J4AaABAg.AOTYnHn3lmsAOTb7XDxSOS,Ugx4mg7PjClLrUPPv6J4AaABAg,UCCf-1ZiZiJIwYnuHUkfc3tw,2025-10-19T18:51:42Z,2025-10-19T18:51:42Z,3,It was an alright performance at least we showed heart,cWgBs2I51_w,0.7351
Ugx4mg7PjClLrUPPv6J4AaABAg.AOTYnHn3lmsAOTcXVf94dr,Ugx4mg7PjClLrUPPv6J4AaABAg,UCWAEycxkImuP4D7EGV33LJA,2025-10-19T19:03:59Z,2025-10-19T19:03:59Z,2,Win after win after this üòÇ,cWgBs2I51_w,0.8885
Ugx4mg7PjClLrUPPv6J4AaABAg.AOTYnHn3lmsAOTcYMJtV2W,Ugx4mg7PjClLrUPPv6J4AaABAg,UCSyXhG3IJAV66J27qmn-53w,2025-10-19T19:04:06Z,2025-10-19T19:04:06Z,2,@Blue-nm9qpUnited should‚Äôve had 2-3 before half time,cWgBs2I51_w,0.0
Ugx4mg7PjClLrUPPv6J4AaABAg.AOTYnHn3lmsAOTca1_bQs9,Ugx4mg7PjClLrUPPv6J4AaABAg,UCJc0H6QdGKla8VF46QsRl1g,2025-10-19T19:04:28Z,2025-10-19T19:04:28Z,2,@jabrondestoroyah And VAR tried to cancel out goals Li-VAR-pool conceded.,cWgBs2I51_w,-0.25
Ugx4mg7PjClLrUPPv6J4AaABAg.AOTYnHn3lmsAOTcaMbG4Gi,Ugx4mg7PjClLrUPPv6J4AaABAg,UCz9i1dILvY0F6UPI-CUokhA,2025-10-19T19:04:30Z,2025-10-19T19:04:30Z,4,@allansmith üòÇüòÇ lol game was scripted are you watching efootball or fifa üòÇüòÇ,cWgBs2I51_w,0.9246
Ugx4mg7PjClLrUPPv6J4AaABAg.AOTYnHn3lmsAOTd4zGMOHa,Ugx4mg7PjClLrUPPv6J4AaABAg,UCmzmehmzaNaKP1ouhOa22VQ,2025-10-19T19:08:49Z,2025-10-19T19:08:49Z,2,@Blue-nm9qpbro stop crying United played very well,cWgBs2I51_w,0.3167
Ugx4mg7PjClLrUPPv6J4AaABAg.AOTYnHn3lmsAOTeXX6VXMY,Ugx4mg7PjClLrUPPv6J4AaABAg,UCCJsqQE2pdFGVy5rZ4PpGXw,2025-10-19T19:21:27Z,2025-10-19T19:21:27Z,2,"@Blue-nm9qp Right‚Ä¶ I‚Äôm sure if United had the same performance, you‚Äôd say Liverpool were lucky, right?",cWgBs2I51_w,0.7845
Ugx4mg7PjClLrUPPv6J4AaABAg.AOTYnHn3lmsAOTfZ-qCtWf,Ugx4mg7PjClLrUPPv6J4AaABAg,UC9MtyDhtm0nyhyrY1w4x19w,2025-10-19T19:30:24Z,2025-10-19T20:38:24Z,1,The gods of football were shining on United today. I know it‚Äôs part of football but who knows what would‚Äôve happened if Gakpo converted a couple of his chances .,cWgBs2I51_w,0.4767
Ugx4mg7PjClLrUPPv6J4AaABAg.AOTYnHn3lmsAOTla1MqB_n,Ugx4mg7PjClLrUPPv6J4AaABAg,UCBOtjCbtTdeElhlxBSXaZmA,2025-10-19T20:23:06Z,2025-10-19T20:23:06Z,0,@Blue-nm9qp Lucky won't come without try. Liverpool was also lucky some of there matches since 25-26 campaign ended in their favor.,cWgBs2I51_w,0.8074
Ugx4mg7PjClLrUPPv6J4AaABAg.AOTYnHn3lmsAOTn0qlt8Nm,Ugx4mg7PjClLrUPPv6J4AaABAg,UCO3rVx-kWJmC73dUCsDyGsw,2025-10-19T20:35:38Z,2025-10-19T20:35:38Z,0,@EzekielXRageyep Liverpool should have easily won this,cWgBs2I51_w,0.7269
Ugx4mg7PjClLrUPPv6J4AaABAg.AOTYnHn3lmsAOTqXJk2IHz,Ugx4mg7PjClLrUPPv6J4AaABAg,UCOop8mMT2r1ecYeD3Jb1wWw,2025-10-19T21:06:17Z,2025-10-19T21:06:17Z,0,9,cWgBs2I51_w,0.0
Ugx4mg7PjClLrUPPv6J4AaABAg.AOTYnHn3lmsAOTryRsEaaD,Ugx4mg7PjClLrUPPv6J4AaABAg,UCm9pRppvKaw6BjDyYgUoXfw,2025-10-19T21:18:52Z,2025-10-19T21:18:52Z,0,Yahoo,cWgBs2I51_w,0.0
Ugx4mg7PjClLrUPPv6J4AaABAg.AOTYnHn3lmsAOTuUs0NYTK,Ugx4mg7PjClLrUPPv6J4AaABAg,UCuWgId5BRbmT2aDXVCmKz9g,2025-10-19T21:40:54Z,2025-10-19T21:40:54Z,2,"I wouldn‚Äôt say their performance was fantastic , they would‚Äôve lost if Gakpos finishing was a bit better",cWgBs2I51_w,0.6369
Ugx4mg7PjClLrUPPv6J4AaABAg.AOTYnHn3lmsAOVQ7pcYkCN,Ugx4mg7PjClLrUPPv6J4AaABAg,UCm9pRppvKaw6BjDyYgUoXfw,2025-10-20T11:45:21Z,2025-10-20T11:45:21Z,0,"11 years awaiting, finally Manchester United beat Liverpool at Anfield",cWgBs2I51_w,0.4215
Ugx4mg7PjClLrUPPv6J4AaABAg.AOTYnHn3lmsAOVZQBIzrEF,Ugx4mg7PjClLrUPPv6J4AaABAg,UCFCvTVk2fl4l9hS19Z9cmEA,2025-10-20T13:06:30Z,2025-10-20T13:06:30Z,0,"Reds are bringing out the best in their opponents. Palace, Chelsea and Man U all stepped up their game big time against Liverpool.",cWgBs2I51_w,0.6369
Ugx4mg7PjClLrUPPv6J4AaABAg.AOTYnHn3lmsAOVihPqPyBu,Ugx4mg7PjClLrUPPv6J4AaABAg,UCfGzL97qG7Zrxyuo3SscT3w,2025-10-20T14:36:23Z,2025-10-20T14:36:23Z,0,There‚Äôs no such thing as getting lucky lol. United scored 2 Liverpool scored 1 end of discussion,cWgBs2I51_w,0.7351
Ugx4mg7PjClLrUPPv6J4AaABAg.AOTYnHn3lmsAOYkbI00hcA,Ugx4mg7PjClLrUPPv6J4AaABAg,UCpiX6SUQN7-6P0bNaSoh0Mg,2025-10-21T18:50:44Z,2025-10-21T18:50:44Z,0,10yrs wow,cWgBs2I51_w,0.5859
Ugx4mg7PjClLrUPPv6J4AaABAg.AOTYnHn3lmsAOceblRymQ4,Ugx4mg7PjClLrUPPv6J4AaABAg,UCfSPfokln1-gmBDGBMjQHuw,2025-10-23T16:34:35Z,2025-10-23T16:34:35Z,0,@Blue-nm9qp exactly my thought,cWgBs2I51_w,0.0
UgxKc2v1RqC8NWT_IQ94AaABAg.AOTYsEzrnGpAOTZOwuXeM2,UgxKc2v1RqC8NWT_IQ94AaABAg,UCQkCJmVcrpMURJzkMm2yu9w,2025-10-19T18:27:51Z,2025-10-19T18:27:51Z,4,He is still gash,cWgBs2I51_w,0.0
UgxKc2v1RqC8NWT_IQ94AaABAg.AOTYsEzrnGpAOT_c9JZ99-,UgxKc2v1RqC8NWT_IQ94AaABAg,UCiFmrLmTFPnJYsdTNrnb8RA,2025-10-19T18:38:32Z,2025-10-19T18:38:32Z,46,@Gmossy11 No he is the GOAT üêêüêê,cWgBs2I51_w,-0.296
UgxKc2v1RqC8NWT_IQ94AaABAg.AOTYsEzrnGpAOTa9wCbWYb,UgxKc2v1RqC8NWT_IQ94AaABAg,UCkqb-WO6VxDVA050TRGkUpw,2025-10-19T18:43:17Z,2025-10-19T18:43:17Z,30,Put him up there instead of cuhna or mountüòÇüòÇ,cWgBs2I51_w,0.7003
UgxKc2v1RqC8NWT_IQ94AaABAg.AOTYsEzrnGpAOTaGyaBcHP,UgxKc2v1RqC8NWT_IQ94AaABAg,UCCC9_8F0DkPeFOTk_RCTdDA,2025-10-19T18:44:15Z,2025-10-19T18:44:15Z,14,"He was the main part of the defense that leaked in record amounts of goals, finishing 8th and 14th place",cWgBs2I51_w,-0.2023
UgxKc2v1RqC8NWT_IQ94AaABAg.AOTYsEzrnGpAOTb3nWdCuJ,UgxKc2v1RqC8NWT_IQ94AaABAg,UC3cScfAhRCsfiVSG_2U5pjg,2025-10-19T18:51:11Z,2025-10-19T18:51:11Z,1,"‚Äã@rvolv3737 exactly, Goat Sir Maguire",cWgBs2I51_w,0.0
UgxKc2v1RqC8NWT_IQ94AaABAg.AOTYsEzrnGpAOTdOV4uUmx,UgxKc2v1RqC8NWT_IQ94AaABAg,UCExeM20QVjPIcuZaeJN8H4A,2025-10-19T19:11:29Z,2025-10-19T19:11:29Z,39,He decided to work hard and not behave like rashford. He has lost weight and is more tenacious,cWgBs2I51_w,-0.5873
UgxKc2v1RqC8NWT_IQ94AaABAg.AOTYsEzrnGpAOTdU_dmwUV,UgxKc2v1RqC8NWT_IQ94AaABAg,UCgtpPETr8YBpLanupMedHTw,2025-10-19T19:12:19Z,2025-10-19T19:51:52Z,21,@natef1212 he was also apart of the same defense under ole with victor lindelof as his partner and they finished 2/4 multiple times. Use ur thick head once in a while,cWgBs2I51_w,0.128
UgxKc2v1RqC8NWT_IQ94AaABAg.AOTYsEzrnGpAOTfN-63LQJ,UgxKc2v1RqC8NWT_IQ94AaABAg,UC7fE3LYXRsW8tcYX8KTBI9g,2025-10-19T19:28:45Z,2025-10-19T19:28:45Z,2,Being a bottom half team'll do that,cWgBs2I51_w,0.0
UgxKc2v1RqC8NWT_IQ94AaABAg.AOTYsEzrnGpAOTh1VmAxK7,UgxKc2v1RqC8NWT_IQ94AaABAg,UCt6JpllyC0OCTXsSt2XIUWA,2025-10-19T19:43:18Z,2025-10-19T19:43:18Z,9,Just wait until he goes to Napoli and gets a Ballon Dor,cWgBs2I51_w,0.0
UgxKc2v1RqC8NWT_IQ94AaABAg.AOTYsEzrnGpAOTh7Ln2vfP,UgxKc2v1RqC8NWT_IQ94AaABAg,UCOTJeyA2WjiY8C1DaIkB-eQ,2025-10-19T19:44:06Z,2025-10-19T19:44:06Z,1,it was the pressure of the armband,cWgBs2I51_w,-0.296
UgxKc2v1RqC8NWT_IQ94AaABAg.AOTYsEzrnGpAOTiSISqpHK,UgxKc2v1RqC8NWT_IQ94AaABAg,UCrEKJzNq0OywxkvnZ-1PFGg,2025-10-19T19:55:42Z,2025-10-19T19:55:42Z,8,"@Good_boy12345 oh shut up Rashford didn‚Äôt force himself out of the club, they got rid of him even though he always showed up and tried to",cWgBs2I51_w,0.0
UgxKc2v1RqC8NWT_IQ94AaABAg.AOTYsEzrnGpAOTjIXD0Jfi,UgxKc2v1RqC8NWT_IQ94AaABAg,UCExeM20QVjPIcuZaeJN8H4A,2025-10-19T20:03:06Z,2025-10-19T20:03:06Z,3,‚Äã@captaincozy4523 got rid of him because of bad attitude. Maguire did the opposite,cWgBs2I51_w,-0.5423
UgxKc2v1RqC8NWT_IQ94AaABAg.AOTYsEzrnGpAOTjm1D_IqQ,UgxKc2v1RqC8NWT_IQ94AaABAg,UCrEKJzNq0OywxkvnZ-1PFGg,2025-10-19T20:07:16Z,2025-10-19T20:07:16Z,3,"@Good_boy12345 no, because he wasn‚Äôt playing well ü§∑üèæ‚Äç‚ôÇÔ∏è now he‚Äôs playing well at a better club, where are those attitude problems??",cWgBs2I51_w,0.7476
UgxKc2v1RqC8NWT_IQ94AaABAg.AOTYsEzrnGpAOTltjcnfvq,UgxKc2v1RqC8NWT_IQ94AaABAg,UCATS4-tBhdFQZql-3dq63lg,2025-10-19T20:25:48Z,2025-10-19T20:25:48Z,0,"@oggalaxyxxryuma7702yea he isn‚Äôt a bad player, I think he‚Äôs just above average. People hate too much",cWgBs2I51_w,-0.802
UgxKc2v1RqC8NWT_IQ94AaABAg.AOTYsEzrnGpAOTqvEnwH69,UgxKc2v1RqC8NWT_IQ94AaABAg,UCExeM20QVjPIcuZaeJN8H4A,2025-10-19T21:09:41Z,2025-10-19T21:09:41Z,3,"‚Äã@captaincozy4523 recently, he was late for training, and he was benched üòÇ. Wait until he gets a permanent dealüòÇ. He is trying to leave united so he will try to play good",cWgBs2I51_w,0.9136
UgxKc2v1RqC8NWT_IQ94AaABAg.AOTYsEzrnGpAOTqyGWaXux,UgxKc2v1RqC8NWT_IQ94AaABAg,UCExeM20QVjPIcuZaeJN8H4A,2025-10-19T21:10:06Z,2025-10-19T21:10:06Z,1,‚Äã@SuqMaDiqHohe is a mediocre player,cWgBs2I51_w,0.0
UgxKc2v1RqC8NWT_IQ94AaABAg.AOTYsEzrnGpAOTs12W5cZk,UgxKc2v1RqC8NWT_IQ94AaABAg,UCm9pRppvKaw6BjDyYgUoXfw,2025-10-19T21:19:21Z,2025-10-19T21:19:21Z,0,"Finally, Man United win for revenge over Liverpool",cWgBs2I51_w,0.4939
UgxKc2v1RqC8NWT_IQ94AaABAg.AOTYsEzrnGpAOTuoBMhgtz,UgxKc2v1RqC8NWT_IQ94AaABAg,UCt9lp1TWrqB4Fl4j4kZbKOg,2025-10-19T21:43:41Z,2025-10-19T21:43:41Z,0,"It's really weird, I stopped watching premier League a couple years ago, now coming back it's like whiplash seeing all of these Maguire supporters LOL it's insane",cWgBs2I51_w,0.4725
UgxKc2v1RqC8NWT_IQ94AaABAg.AOTYsEzrnGpAOU6rjrWw4H,UgxKc2v1RqC8NWT_IQ94AaABAg,UCeYPAxu54NdJNXzDvVVU5og,2025-10-19T23:37:45Z,2025-10-19T23:37:45Z,1,You spent enough to build a stadium on mars and here we are w Maguire as ur goal scoring hero man üòÜüòÜ,cWgBs2I51_w,0.8225
UgxKc2v1RqC8NWT_IQ94AaABAg.AOTYsEzrnGpAOUA6a2Qg22,UgxKc2v1RqC8NWT_IQ94AaABAg,UC1dFiDfu6rc5ubzdqZRX9Iw,2025-10-20T00:06:08Z,2025-10-20T00:06:08Z,0,He is a better striker than centerback,cWgBs2I51_w,0.4404
UgxKc2v1RqC8NWT_IQ94AaABAg.AOTYsEzrnGpAOUGoEpUliZ,UgxKc2v1RqC8NWT_IQ94AaABAg,UCS6Ba_fCsPhZ_stfW2sF0bQ,2025-10-20T01:04:40Z,2025-10-20T01:04:40Z,0,@captaincozy4523look at his face„ÄÇ that dude clearly had alcohol issue.,cWgBs2I51_w,0.4019
UgxKc2v1RqC8NWT_IQ94AaABAg.AOTYsEzrnGpAOUX-SFFFGY,UgxKc2v1RqC8NWT_IQ94AaABAg,UCPd9_M27CMzSBiJJspMOq7g,2025-10-20T03:26:08Z,2025-10-20T03:26:08Z,0,Bro thinks he‚Äôs on the team üòÇ,cWgBs2I51_w,0.4404
UgxKc2v1RqC8NWT_IQ94AaABAg.AOTYsEzrnGpAOVfArLSBf2,UgxKc2v1RqC8NWT_IQ94AaABAg,UC1IRZbl3OrVvFae9qLYNZMg,2025-10-20T14:05:35Z,2025-10-20T14:05:35Z,0,"Honestly im ready for the whole Man U redemption ark lol. It was great seeing them fumble for a while, but they've suffered enough. A comeback story is now queued up.",cWgBs2I51_w,0.2263
UgxKc2v1RqC8NWT_IQ94AaABAg.AOTYsEzrnGpAOYki2rfLg8,UgxKc2v1RqC8NWT_IQ94AaABAg,UCpiX6SUQN7-6P0bNaSoh0Mg,2025-10-21T18:51:40Z,2025-10-21T18:51:40Z,0,If Maggie is united game changer that‚Äôs a dead club,cWgBs2I51_w,-0.3612
UgwZi5qITWovbfQkiPN4AaABAg.AOTYld3U3ovAOT_lkUOVLg,UgwZi5qITWovbfQkiPN4AaABAg,UCmRpaWFp966kJUiVz-AiLvA,2025-10-19T18:39:51Z,2025-10-19T18:39:51Z,167,3 more to save poor Frank,cWgBs2I51_w,0.0296
UgwZi5qITWovbfQkiPN4AaABAg.AOTYld3U3ovAOTa7JnU5K3,UgwZi5qITWovbfQkiPN4AaABAg,UCs_qVufJQ4WQTyZu5N25RSQ,2025-10-19T18:42:56Z,2025-10-19T18:42:56Z,77,I have a feeling that someone finally can get a haircut,cWgBs2I51_w,0.128
UgwZi5qITWovbfQkiPN4AaABAg.AOTYld3U3ovAOTaW6QJJPH,UgwZi5qITWovbfQkiPN4AaABAg,UCl33H2e4cbTtHwAD5ez8xng,2025-10-19T18:46:19Z,2025-10-19T18:46:19Z,80,"@ThuyTran-99they are going to win against all big 6, and somehow lose against burnleyüòÇüòÇ",cWgBs2I51_w,0.7845
UgwZi5qITWovbfQkiPN4AaABAg.AOTYld3U3ovAOTae6G_tNz,UgwZi5qITWovbfQkiPN4AaABAg,UCZJdDPj_pr349BqwP4AxGvw,2025-10-19T18:47:32Z,2025-10-19T18:47:32Z,5,‚Äã@ThuyTran-99losing the next oneüòÖ,cWgBs2I51_w,0.3612
UgwZi5qITWovbfQkiPN4AaABAg.AOTYld3U3ovAOTapuT6vJy,UgwZi5qITWovbfQkiPN4AaABAg,UCyjRx1oy0O9I1TjZYx7eiyg,2025-10-19T18:49:09Z,2025-10-19T18:49:25Z,3,Well he finally has the side he wants and has only had a little time with said side to get his vision to reality.  Honestly we‚Äôre right on schedule if you ask me.,cWgBs2I51_w,0.7269
UgwZi5qITWovbfQkiPN4AaABAg.AOTYld3U3ovAOTcgRBrxmD,UgwZi5qITWovbfQkiPN4AaABAg,UCXs2JWDoQ4VMylyrdkRmzWA,2025-10-19T19:05:20Z,2025-10-19T19:05:20Z,3,‚Äã@HarryClarke-s6vArsenal beat them,cWgBs2I51_w,0.0
UgwZi5qITWovbfQkiPN4AaABAg.AOTYld3U3ovAOTdtmxLef7,UgwZi5qITWovbfQkiPN4AaABAg,UCBY_jhw80wot51hEp1GPKFw,2025-10-19T19:15:54Z,2025-10-19T19:15:54Z,0,3 more hahaha,cWgBs2I51_w,0.5984
UgwZi5qITWovbfQkiPN4AaABAg.AOTYld3U3ovAOTg2YZzPha,UgwZi5qITWovbfQkiPN4AaABAg,UC0wdXd3vvXhgxCSP42YhGmg,2025-10-19T19:34:42Z,2025-10-19T19:34:42Z,0,4,cWgBs2I51_w,0.0
UgwZi5qITWovbfQkiPN4AaABAg.AOTYld3U3ovAOTkVJjsB_T,UgwZi5qITWovbfQkiPN4AaABAg,UCv9Jfo9s_IOvSFyNv_ddbHQ,2025-10-19T20:13:35Z,2025-10-19T20:13:35Z,0,‚Å†@ShredddT whatt???,cWgBs2I51_w,0.0
UgwZi5qITWovbfQkiPN4AaABAg.AOTYld3U3ovAOU64kNdz4T,UgwZi5qITWovbfQkiPN4AaABAg,UCADVeIXu9K2HG-84kfZWkww,2025-10-19T23:30:56Z,2025-10-19T23:30:56Z,2,@ShredddThe definitely does NOT have the whole side he wants but he is slowly starting to be able to more completely apply his tactics to this lot. Did get some signings but the squad is largely still not what we require to challenge for much.,cWgBs2I51_w,0.3182
UgwZi5qITWovbfQkiPN4AaABAg.AOTYld3U3ovAOURhyc3XFA,UgwZi5qITWovbfQkiPN4AaABAg,UCNefeO20B2VkPJrVFdHda9Q,2025-10-20T02:39:55Z,2025-10-20T02:39:55Z,1,@1assassyn to save who? Frank Lampard? üòÇ,cWgBs2I51_w,0.755
UgwZi5qITWovbfQkiPN4AaABAg.AOTYld3U3ovAOanvHlymjZ,UgwZi5qITWovbfQkiPN4AaABAg,UCV2s7Hw-usiIZFpC9cpd9fA,2025-10-22T23:17:24Z,2025-10-22T23:17:24Z,0,‚Äã@VictorLopez-cg4lp foh dope,cWgBs2I51_w,0.0
UgzARBlKe2J7Ho9kmdd4AaABAg.AOTZRXgS0c2AOTjiBUSWXn,UgzARBlKe2J7Ho9kmdd4AaABAg,UCPGoGUli8ONkuL6uYPhEDPg,2025-10-19T20:06:44Z,2025-10-19T20:06:44Z,40,Is it too late to get a refund? Turning into an expensive flop out many.,cWgBs2I51_w,-0.34
UgzARBlKe2J7Ho9kmdd4AaABAg.AOTZRXgS0c2AOTkyFUjsTQ,UgzARBlKe2J7Ho9kmdd4AaABAg,UC02iJ-Z0NCFKqAepkxdgH4w,2025-10-19T20:17:40Z,2025-10-19T20:17:40Z,66,@Joseph-eh4rs Isak is a boss. Problem is too many top players at Liverpool. Isak does way better on a team with less stars. He gets the ball more.,cWgBs2I51_w,0.25
UgzARBlKe2J7Ho9kmdd4AaABAg.AOTZRXgS0c2AOTtfXyrzPL,UgzARBlKe2J7Ho9kmdd4AaABAg,UCQexvFQb9haERrhtvNIW8qA,2025-10-19T21:33:46Z,2025-10-19T21:33:46Z,10,Etikete is way better,cWgBs2I51_w,0.4404
UgzARBlKe2J7Ho9kmdd4AaABAg.AOTZRXgS0c2AOTu6NkfVuZ,UgzARBlKe2J7Ho9kmdd4AaABAg,UCi5UQFMyoix4rOPK-tbz2nw,2025-10-19T21:37:34Z,2025-10-19T21:37:34Z,0,He sure is üòÇüòÇüòÇ,cWgBs2I51_w,0.875
UgzARBlKe2J7Ho9kmdd4AaABAg.AOTZRXgS0c2AOTvEs3syO_,UgzARBlKe2J7Ho9kmdd4AaABAg,UCuATtbYHJv_LsHVVV9PfFXQ,2025-10-19T21:47:27Z,2025-10-19T21:47:46Z,9,‚Å†@picklemetimbers3003BS. He clearly received the ball and wasted a guaranteed goal right there with a one on one with the GK,cWgBs2I51_w,-0.128
UgzARBlKe2J7Ho9kmdd4AaABAg.AOTZRXgS0c2AOTvLEor7-f,UgzARBlKe2J7Ho9kmdd4AaABAg,UCU5zUa4DSGmwi9QLqtNqfzQ,2025-10-19T21:48:20Z,2025-10-19T21:48:20Z,0,Literally‚Ä¶.,cWgBs2I51_w,0.0
UgzARBlKe2J7Ho9kmdd4AaABAg.AOTZRXgS0c2AOTw1ROP028,UgzARBlKe2J7Ho9kmdd4AaABAg,UCyeO-10pjuLxcXDXLnVuymQ,2025-10-19T21:54:22Z,2025-10-19T21:54:22Z,18,"I generally don't wish ill upon anyone, but as a Newcastle fan I'd be lying if I said I didn't get a little bit of joy over how little Isak is doing at Liverpool.",cWgBs2I51_w,0.4925
UgzARBlKe2J7Ho9kmdd4AaABAg.AOTZRXgS0c2AOU0T7XuoqJ,UgzARBlKe2J7Ho9kmdd4AaABAg,UCIGSfpzTqjA0mWT9MA6Yjyg,2025-10-19T22:41:50Z,2025-10-19T22:41:50Z,0,HAHAHAHAHAHA stop!,cWgBs2I51_w,-0.3595
UgzARBlKe2J7Ho9kmdd4AaABAg.AOTZRXgS0c2AOU1clXfQ3u,UgzARBlKe2J7Ho9kmdd4AaABAg,UCrlpRz4YGtZX-RdTk0__M2w,2025-10-19T22:52:01Z,2025-10-19T22:52:01Z,0,"@picklemetimbers3003 Also you don't include Chiesa with Mcalister   or Slaha , Chiesa was confused .",cWgBs2I51_w,-0.3182
UgzARBlKe2J7Ho9kmdd4AaABAg.AOTZRXgS0c2AOU3C2oAD9j,UgzARBlKe2J7Ho9kmdd4AaABAg,UCdHjzk2PpK_DD9KhrpHwhTw,2025-10-19T23:05:43Z,2025-10-19T23:05:43Z,1,Isakly üòÇüòÇüòÇüòÇ,cWgBs2I51_w,0.891
UgzARBlKe2J7Ho9kmdd4AaABAg.AOTZRXgS0c2AOU88LXSdrQ,UgzARBlKe2J7Ho9kmdd4AaABAg,UCujUmJ2rx1Sou-l8AHbJKEg,2025-10-19T23:48:54Z,2025-10-19T23:48:54Z,0,üòÇ,cWgBs2I51_w,0.4404
UgzARBlKe2J7Ho9kmdd4AaABAg.AOTZRXgS0c2AOUQxEBdLnn,UgzARBlKe2J7Ho9kmdd4AaABAg,UCpQ7gaPt2w3N2ZlflkSO7Ow,2025-10-20T02:33:16Z,2025-10-20T02:33:16Z,1,it‚Äôs too funny stop üò≠üò≠,cWgBs2I51_w,-0.6705
UgzARBlKe2J7Ho9kmdd4AaABAg.AOTZRXgS0c2AOUWoQM4cIX,UgzARBlKe2J7Ho9kmdd4AaABAg,UCfPsiqUYBREAWwktrzyFH3g,2025-10-20T03:24:30Z,2025-10-20T03:24:30Z,1,He doesn't get the pass,cWgBs2I51_w,0.0
UgzARBlKe2J7Ho9kmdd4AaABAg.AOTZRXgS0c2AOUYA3Nxvf2,UgzARBlKe2J7Ho9kmdd4AaABAg,UCSnyS_wp6E56UNSzPcY5ySw,2025-10-20T03:36:20Z,2025-10-20T03:36:20Z,1,Isak would have had a tap in if Salah passed him the ball in the 64 minute. 7:54,cWgBs2I51_w,0.0
UgzARBlKe2J7Ho9kmdd4AaABAg.AOTZRXgS0c2AOUnf8pIB3_,UgzARBlKe2J7Ho9kmdd4AaABAg,UCgRFhLU9cgzc5qyI2MPzQrg,2025-10-20T06:00:32Z,2025-10-20T06:00:32Z,0,"Isak is a top player, he‚Äòs not a problem, but a possible solution. It‚Äôs not his fault that they bought him for such huge pile of pounds. Liverpool struggles as a team, because there is no connection between most of them, also Salah, Van Dijk, Gakpo are in awful physical and mental conditions. Don‚Äôt be hysterical, white a little bit until they‚Äôre all bond. Hope they will not go through the same as Barcelona for past 10 years.",cWgBs2I51_w,0.5371
UgzARBlKe2J7Ho9kmdd4AaABAg.AOTZRXgS0c2AOUoUlt4IzA,UgzARBlKe2J7Ho9kmdd4AaABAg,UCJxwpHgqTbxxXX9phCY6gsw,2025-10-20T06:07:42Z,2025-10-20T06:07:42Z,0,"@ms37348 stop it, it is not one on one. isak is the future. i bet you are going to ashamed of your comment. liverpool as a whole is shambolic , are not playing as a team.",cWgBs2I51_w,-0.7088
UgzARBlKe2J7Ho9kmdd4AaABAg.AOTZRXgS0c2AOVDJmEBHQ1,UgzARBlKe2J7Ho9kmdd4AaABAg,UCj-TTErWKOugTCXtE8XUzHA,2025-10-20T09:53:24Z,2025-10-20T09:53:24Z,0,Newcastle will buy him back for 25 million.,cWgBs2I51_w,0.0
UgzARBlKe2J7Ho9kmdd4AaABAg.AOTZRXgS0c2AOVWp95qwsS,UgzARBlKe2J7Ho9kmdd4AaABAg,UCvOUJguWHq5nys_p3InAKDA,2025-10-20T12:43:50Z,2025-10-20T12:43:50Z,0,‚Äã@sigui.habanait's pressuring when a top player is expensive he will have less confidence,cWgBs2I51_w,0.3415
UgzARBlKe2J7Ho9kmdd4AaABAg.AOTZRXgS0c2AOVmzh5Wqna,UgzARBlKe2J7Ho9kmdd4AaABAg,UCl3S5EcZU-0D_DExtVpJWGw,2025-10-20T15:13:50Z,2025-10-20T15:13:50Z,0,Isak playing like i suck lol,cWgBs2I51_w,0.4939
UgzARBlKe2J7Ho9kmdd4AaABAg.AOTZRXgS0c2AOVoKzKR6Ze,UgzARBlKe2J7Ho9kmdd4AaABAg,UCdHjzk2PpK_DD9KhrpHwhTw,2025-10-20T15:25:36Z,2025-10-20T15:25:36Z,0,@-justicewithtruthboohoo,cWgBs2I51_w,0.0
UgzARBlKe2J7Ho9kmdd4AaABAg.AOTZRXgS0c2AOXX-ebM89k,UgzARBlKe2J7Ho9kmdd4AaABAg,UCuATtbYHJv_LsHVVV9PfFXQ,2025-10-21T07:23:53Z,2025-10-21T07:23:53Z,0,"@HenokKidane-q6lI am just answering whoever said that Isak didn‚Äôt get the ball. He did several times on that game, including a one on one with the goalie and missed",cWgBs2I51_w,-0.296
UgzARBlKe2J7Ho9kmdd4AaABAg.AOTZRXgS0c2AOanzEDQmPb,UgzARBlKe2J7Ho9kmdd4AaABAg,UCV2s7Hw-usiIZFpC9cpd9fA,2025-10-22T23:17:57Z,2025-10-22T23:17:57Z,0,Ballsak more like it. Liverpoop deserve him üòÇ,cWgBs2I51_w,0.6901
Ugy8Sg1-hYJk9ompi-Z4AaABAg.AOTc5p9wiyxAOUR9L1x7Bd,Ugy8Sg1-hYJk9ompi-Z4AaABAg,UCpQ7gaPt2w3N2ZlflkSO7Ow,2025-10-20T02:35:04Z,2025-10-20T02:35:04Z,5,"right, chance after chance to put the game to bed and they whiffed all of them. LORD ARRY STRIKES ONCE AGAIN üòÇüòÇ",cWgBs2I51_w,0.6775
UgxEyAjh6rR3t-PZjyh4AaABAg.AOTYu52mL8qAOT_I1Drnjo,UgxEyAjh6rR3t-PZjyh4AaABAg,UCbhxg4sv9nOxDiELcOoa_vA,2025-10-19T18:35:39Z,2025-10-19T18:35:39Z,32,"My idol Pohammad Palah didn‚Äôt get a penaltyüò¢üò¢üò¢. He was supposed to statpad a tap in and silence the haters. LiVARpool TID!!! Oliver why didn‚Äôt you award us a penalty so the ghost of Egypt couldn‚Äôt cover up his stinker. All of you haters are jealous that 007 and Twerkez signed for usüò°. How did we lose to United, we sang the YNWA song and everything! Slot out YNWAüò°üò°üò°üëªüëª.",cWgBs2I51_w,-0.9833
UgxEyAjh6rR3t-PZjyh4AaABAg.AOTYu52mL8qAOTcptCv1v4,UgxEyAjh6rR3t-PZjyh4AaABAg,UCZDDLym3TV5ToronJ6dCQ8w,2025-10-19T19:06:37Z,2025-10-19T19:06:37Z,6,Exactly haha,cWgBs2I51_w,0.4588
UgxEyAjh6rR3t-PZjyh4AaABAg.AOTYu52mL8qAOTdD86dXn3,UgxEyAjh6rR3t-PZjyh4AaABAg,UCHHqoJBoG02zmuiz8DKjU_g,2025-10-19T19:09:56Z,2025-10-19T19:09:56Z,15,They still haven‚Äôt have a game this season were the result wasn‚Äôt decided after the 80th minute. Horrible sign long term for them. The were incredibly lucky at the start of the season,cWgBs2I51_w,-0.1045
UgxEyAjh6rR3t-PZjyh4AaABAg.AOTYu52mL8qAOTdEbNAr19,UgxEyAjh6rR3t-PZjyh4AaABAg,UCUrWgVODq_hi5fNoUoPArXw,2025-10-19T19:10:08Z,2025-10-19T19:10:08Z,28,"The only difference between this game and the first 5 games is that after equalizing at 1-1, Liverpool would've 5 mins of dominance and get a penalty, a VAR decision or a corner and VVD scores the winner or a sub like Chiesa or Ngumoha scores a fluke winnerüòÇüòÇüòÇüòÇüòÇ. It's amazing to see the tables have turned in the last 3 games and people think Liverpool are unlucky. They're not. They're simply mediocre and time was always gonna tell. Explain to me how they won that bournemouth game and don't get me started on Newcastle üòÇ.  Burnley?? Palace? üòÇüòÇüòÇ",cWgBs2I51_w,0.9912
UgxEyAjh6rR3t-PZjyh4AaABAg.AOTYu52mL8qAOTe4lq_IqQ,UgxEyAjh6rR3t-PZjyh4AaABAg,UCaddkPKLxCli61JxViiPrPQ,2025-10-19T19:17:32Z,2025-10-19T19:17:32Z,1,They are paying back 5  games last minute lucky scrap,cWgBs2I51_w,0.4215
UgxEyAjh6rR3t-PZjyh4AaABAg.AOTYu52mL8qAOTf8ElfH2N,UgxEyAjh6rR3t-PZjyh4AaABAg,UCvcV2oyCgCgx5gooGXJsrxA,2025-10-19T19:26:44Z,2025-10-19T19:26:44Z,0,Nobody is surprised,cWgBs2I51_w,0.2263
UgxEyAjh6rR3t-PZjyh4AaABAg.AOTYu52mL8qAOTfOevwIZc,UgxEyAjh6rR3t-PZjyh4AaABAg,UCkhXyt2fhyXbo5loH7DTfmQ,2025-10-19T19:28:59Z,2025-10-19T19:28:59Z,8,@Alexander-le1bvyou‚Äôre comment wasn‚Äôt funny or witty the first time u posted this and gets worse with every copy and paste. Need some work on your writing!,cWgBs2I51_w,-0.126
UgxEyAjh6rR3t-PZjyh4AaABAg.AOTYu52mL8qAOTfgNtFX8-,UgxEyAjh6rR3t-PZjyh4AaABAg,UC4FXqB0cOJxV5wHIkXyWEDA,2025-10-19T19:31:32Z,2025-10-19T19:31:32Z,1,I was saying this before they went on this losing streak. They haven't played convincingly at all this season.,cWgBs2I51_w,-0.7367
UgxEyAjh6rR3t-PZjyh4AaABAg.AOTYu52mL8qAOTgu4eFSfU,UgxEyAjh6rR3t-PZjyh4AaABAg,UCtkNla8FkK4Nb8WeS-4yeAg,2025-10-19T19:42:09Z,2025-10-19T19:42:09Z,1,was literally saying outloud to myself that everytime Liverpool had the ball going foward that it was ok because it wasn't the 80+ minute. Legitimately the most boring team to watch,cWgBs2I51_w,-0.101
UgxEyAjh6rR3t-PZjyh4AaABAg.AOTYu52mL8qAOTj7k64Eph,UgxEyAjh6rR3t-PZjyh4AaABAg,UCoahrf-E21-0GUzfau-UJbg,2025-10-19T20:01:38Z,2025-10-19T20:01:38Z,0,Fax,cWgBs2I51_w,0.0
UgxEyAjh6rR3t-PZjyh4AaABAg.AOTYu52mL8qAOTk6dUZijq,UgxEyAjh6rR3t-PZjyh4AaABAg,UC9KYHZ9bj9DZ6CU0rDrM1MQ,2025-10-19T20:10:13Z,2025-10-19T20:10:13Z,1,"Shocking the refs didn't gift them a few free kicks. Frimpong was all ovee united and he and others pushed the United players into the billboards several times, yet he pathetically looked up at the ref like why didn't you call that",cWgBs2I51_w,0.5414
UgxEyAjh6rR3t-PZjyh4AaABAg.AOTYu52mL8qAOTkqXzjiK4,UgxEyAjh6rR3t-PZjyh4AaABAg,UCH6mh16KvvcWh-ZzM2Vsxsg,2025-10-19T20:16:37Z,2025-10-19T20:16:37Z,0,They think they are Real Madrid,cWgBs2I51_w,0.0
UgxEyAjh6rR3t-PZjyh4AaABAg.AOTYu52mL8qAOTmEuaV1rn,UgxEyAjh6rR3t-PZjyh4AaABAg,UCEHKuHDFhqTZFxb7yVI72dQ,2025-10-19T20:28:49Z,2025-10-19T20:28:49Z,0,Facts. As a Liverpool fan I saw this coming..,cWgBs2I51_w,0.3182
UgxEyAjh6rR3t-PZjyh4AaABAg.AOTYu52mL8qAOU-veYBFLa,UgxEyAjh6rR3t-PZjyh4AaABAg,UCl-BN9leG44_ekm8PXuuFNw,2025-10-19T22:37:08Z,2025-10-19T22:37:08Z,1,@IAmCrumpton the comment is funny and gets better every time he sends it,cWgBs2I51_w,0.7003
UgxEyAjh6rR3t-PZjyh4AaABAg.AOTYu52mL8qAOU4hfHi4j5,UgxEyAjh6rR3t-PZjyh4AaABAg,UC0OcMhVtXBI5UkXFrNlb24g,2025-10-19T23:18:54Z,2025-10-19T23:18:54Z,3,i mean 3 shots bouncing off the frame isn't exactly terrible. Just had some unlucky breaks. That's what makes soccer fun :),cWgBs2I51_w,0.834
UgxEyAjh6rR3t-PZjyh4AaABAg.AOTYu52mL8qAOU4yDAf55h,UgxEyAjh6rR3t-PZjyh4AaABAg,UCqKsbPYmSeSqCOG7WsfN73w,2025-10-19T23:21:10Z,2025-10-19T23:21:10Z,1,"VVD never gets dribbled past, but looks like he lets people without the ball run right by him.",cWgBs2I51_w,0.5023
UgxEyAjh6rR3t-PZjyh4AaABAg.AOTYu52mL8qAOU6q8yqOTm,UgxEyAjh6rR3t-PZjyh4AaABAg,UCB98Nn6chpp4wrc8-j5AnIw,2025-10-19T23:37:33Z,2025-10-19T23:37:33Z,1,I always find it quite interesting how when Real Madrid play this way it‚Äôs always called ‚ÄúChampion Mentality‚Äù üòÇ,cWgBs2I51_w,0.807
UgxEyAjh6rR3t-PZjyh4AaABAg.AOTYu52mL8qAOUABpcApnU,UgxEyAjh6rR3t-PZjyh4AaABAg,UC1dFiDfu6rc5ubzdqZRX9Iw,2025-10-20T00:06:51Z,2025-10-20T00:06:51Z,0,I agree 100% those late winners patched the cracks,cWgBs2I51_w,0.6808
UgxEyAjh6rR3t-PZjyh4AaABAg.AOTYu52mL8qAOUlLEffNep,UgxEyAjh6rR3t-PZjyh4AaABAg,UCqbBDt0ninG7B5al3fc9XUQ,2025-10-20T05:40:11Z,2025-10-20T05:40:11Z,1,"i‚Äôm a united fan and I think they look dangerous. multiple hits on the woodwork‚Äî bad luck and poor form happens to everyone. the season is still quite new, we will see how it plays out",cWgBs2I51_w,-0.1531
UgxEyAjh6rR3t-PZjyh4AaABAg.AOTYu52mL8qAOVyvO5xW-Q,UgxEyAjh6rR3t-PZjyh4AaABAg,UCbhxg4sv9nOxDiELcOoa_vA,2025-10-20T16:58:06Z,2025-10-20T16:58:06Z,0,@IAmCrumptonNeed some work on your humor!,cWgBs2I51_w,0.3382
UgxEyAjh6rR3t-PZjyh4AaABAg.AOTYu52mL8qAOWXTx8JutV,UgxEyAjh6rR3t-PZjyh4AaABAg,UCXoxmlOKTQOrY6GIQOGuvYQ,2025-10-20T22:08:47Z,2025-10-20T22:08:47Z,0,‚Å†@IAmCrumptonshut up,cWgBs2I51_w,0.0
UgxEyAjh6rR3t-PZjyh4AaABAg.AOTYu52mL8qAOWsc4pbIYC,UgxEyAjh6rR3t-PZjyh4AaABAg,UCTj5Os7cfv_DUY49Iq8q4vw,2025-10-21T01:22:16Z,2025-10-21T01:22:16Z,0,They were bad last season too in a similar way,cWgBs2I51_w,-0.5423
UgxEyAjh6rR3t-PZjyh4AaABAg.AOTYu52mL8qAOX5aGE5yCz,UgxEyAjh6rR3t-PZjyh4AaABAg,UCPgsaRw2N-jIjJ9zK_H7OUw,2025-10-21T03:24:21Z,2025-10-21T03:24:21Z,0,They aren't playing terrible they are playing with alternate picks and shoe ins. Jota who would've been the go-to striker passed and the other attackers departed. We settled for the best picks available with the hope the team cohesion would just work and it's working as good as last second picks can. Stop acting like you would do any better on the pitch. Especially with a second pick goalie.,cWgBs2I51_w,0.9055
UgxEyAjh6rR3t-PZjyh4AaABAg.AOTYu52mL8qAOX6UYiwpz3,UgxEyAjh6rR3t-PZjyh4AaABAg,UCTj5Os7cfv_DUY49Iq8q4vw,2025-10-21T03:32:11Z,2025-10-21T03:32:11Z,0,@jimjones3287I‚Äôve said this for a long time he allows himself to get dragged out often a lot of balls get in the box on his watch,cWgBs2I51_w,-0.0516
UgxEyAjh6rR3t-PZjyh4AaABAg.AOTYu52mL8qAOX6n4uwsVD,UgxEyAjh6rR3t-PZjyh4AaABAg,UCbhxg4sv9nOxDiELcOoa_vA,2025-10-21T03:34:51Z,2025-10-21T03:34:51Z,0,"@IAmCrumptonYour*, there, fixed YOUR writing. ‚ÄúNeutral‚Äù, yet got triggered by banterüòÇ.",cWgBs2I51_w,0.4404
UgxEyAjh6rR3t-PZjyh4AaABAg.AOTYu52mL8qAOY6-WvraVQ,UgxEyAjh6rR3t-PZjyh4AaABAg,UCqKsbPYmSeSqCOG7WsfN73w,2025-10-21T12:47:11Z,2025-10-21T12:47:11Z,1,@djfly777 A player like Messi would absolutely destroy him with all the space he gives attackers while he plays contain defending,cWgBs2I51_w,-0.6115
UgxEyAjh6rR3t-PZjyh4AaABAg.AOTYu52mL8qAOYkm_7IPm0,UgxEyAjh6rR3t-PZjyh4AaABAg,UCpiX6SUQN7-6P0bNaSoh0Mg,2025-10-21T18:52:17Z,2025-10-21T18:52:17Z,0,Guarantee Liverpool still win the league,cWgBs2I51_w,0.7003
UgxEyAjh6rR3t-PZjyh4AaABAg.AOTYu52mL8qAOYl7x8_yJe,UgxEyAjh6rR3t-PZjyh4AaABAg,UCTj5Os7cfv_DUY49Iq8q4vw,2025-10-21T18:55:20Z,2025-10-21T18:55:20Z,0,@jimjones3287he‚Äôs the goat he‚Äôs cook anyone,cWgBs2I51_w,0.0
UgxEyAjh6rR3t-PZjyh4AaABAg.AOTYu52mL8qAOYm6pFcS20,UgxEyAjh6rR3t-PZjyh4AaABAg,UCqKsbPYmSeSqCOG7WsfN73w,2025-10-21T19:03:55Z,2025-10-21T19:03:55Z,0,@djfly777 Some are cooked easier than others,cWgBs2I51_w,0.4215
UgysBxMveKRsggfhuYJ4AaABAg.AOT_9HErB7uAOTfzDfwhoZ,UgysBxMveKRsggfhuYJ4AaABAg,UCBmOsM22t1FV5ZUfEz4N-zQ,2025-10-19T19:34:07Z,2025-10-19T19:34:07Z,3,Ikr I‚Äôm ready,cWgBs2I51_w,0.3612
UgysBxMveKRsggfhuYJ4AaABAg.AOT_9HErB7uAOTiZV6Fvt4,UgysBxMveKRsggfhuYJ4AaABAg,UC8vDrPAtjYrAnXY3dqDwfCw,2025-10-19T19:56:41Z,2025-10-19T19:56:41Z,2,Liverpool < burnley,cWgBs2I51_w,0.0
UgysBxMveKRsggfhuYJ4AaABAg.AOT_9HErB7uAOTpzlQrrGY,UgysBxMveKRsggfhuYJ4AaABAg,UCYCLE60IEiQwnICjlzvbpCQ,2025-10-19T21:01:34Z,2025-10-19T21:01:34Z,15,Let's not get carried away now. 5 games is a long time for this united team,cWgBs2I51_w,0.5023
UgysBxMveKRsggfhuYJ4AaABAg.AOT_9HErB7uAOUGhpHFc1u,UgysBxMveKRsggfhuYJ4AaABAg,UCBszZYV_bu-XmxW4Hp89dnw,2025-10-20T01:03:47Z,2025-10-20T01:03:47Z,1,"@glennm5062is it really tho if we carry this mentality every game, i think not",cWgBs2I51_w,0.0
UgysBxMveKRsggfhuYJ4AaABAg.AOT_9HErB7uAOUgOvtXNVS,UgysBxMveKRsggfhuYJ4AaABAg,UCULSgMwRAQztwXfNcxw5ZIg,2025-10-20T04:57:00Z,2025-10-20T04:57:00Z,0,Liverpool players and fans should get Slot‚Äôs haircut,cWgBs2I51_w,0.0
UgysBxMveKRsggfhuYJ4AaABAg.AOT_9HErB7uAOV84aAgIbe,UgysBxMveKRsggfhuYJ4AaABAg,UC_cYGDGpR8-DEPL4KUHRazQ,2025-10-20T09:07:38Z,2025-10-20T09:07:38Z,0,"I hope so but Brighton and Spurs are bogey teams of late, and Forest will have a fresh manager bounce coming up. lol",cWgBs2I51_w,0.8225
UgyjN2dVV5UciVvkXid4AaABAg.AOTYoZUbwRKAOT_O2B1YeZ,UgyjN2dVV5UciVvkXid4AaABAg,UCbhxg4sv9nOxDiELcOoa_vA,2025-10-19T18:36:28Z,2025-10-19T18:36:28Z,24,"My idol Pohammad Palah didn‚Äôt get a penaltyüò¢üò¢üò¢. He was supposed to statpad a tap in and silence the haters. LiVARpool TID!!! Oliver why didn‚Äôt you award us a penalty so the ghost of Egypt couldn‚Äôt cover up his stinker. All of you haters are jealous that 007 and Twerkez signed for usüò°. How did we lose to United, we sang the YNWA song and everything! Slot out YNWAüò°üò°üò°üëªüëª.",cWgBs2I51_w,-0.9833
UgyjN2dVV5UciVvkXid4AaABAg.AOTYoZUbwRKAOTah-v3rkS,UgyjN2dVV5UciVvkXid4AaABAg,UC11UmEIraO6xtjjDIrZu74Q,2025-10-19T18:47:56Z,2025-10-19T18:47:56Z,6,ManU is a bigger club! üòè,cWgBs2I51_w,0.0
UgyjN2dVV5UciVvkXid4AaABAg.AOTYoZUbwRKAOTeDKb-Kwf,UgyjN2dVV5UciVvkXid4AaABAg,UCQB4wkp-Zm7yaBePXb877xg,2025-10-19T19:18:42Z,2025-10-19T19:18:42Z,6,‚Å†@Alexander-le1bv don‚Äôt disrespect the name Mohammed,cWgBs2I51_w,-0.4215
UgyjN2dVV5UciVvkXid4AaABAg.AOTYoZUbwRKAOTez8j4sOB,UgyjN2dVV5UciVvkXid4AaABAg,UCWzx78nuGMnvjnK1woCxF-w,2025-10-19T19:25:22Z,2025-10-19T19:25:22Z,3,Anfield was quieter than usual today. üôÇ,cWgBs2I51_w,0.4033
UgyjN2dVV5UciVvkXid4AaABAg.AOTYoZUbwRKAOTpLr5d1Fc,UgyjN2dVV5UciVvkXid4AaABAg,UCL9XgByzgV3vCkTVclPqYdg,2025-10-19T20:55:59Z,2025-10-19T20:55:59Z,0,@Alexander-le1bvinsane,cWgBs2I51_w,0.0
UgyjN2dVV5UciVvkXid4AaABAg.AOTYoZUbwRKAOUAvyAUB9s,UgyjN2dVV5UciVvkXid4AaABAg,UCirKwI5yPn9_RWe9G1diG4w,2025-10-20T00:13:17Z,2025-10-20T00:13:17Z,0,‚Äã@user-52548mohammed suvked my clock back in the day,cWgBs2I51_w,0.0
Ugx2cDqfCPo5WrHbDFR4AaABAg.AOTbC5NmfbAAOTfI0IYWvJ,Ugx2cDqfCPo5WrHbDFR4AaABAg,UCLc1T9WxyVDSmIh4QTFp4Nw,2025-10-19T19:28:05Z,2025-10-19T19:28:05Z,11,üòÇüòÇüòÇ,cWgBs2I51_w,0.8271
Ugx2cDqfCPo5WrHbDFR4AaABAg.AOTbC5NmfbAAOTfNetSTF3,Ugx2cDqfCPo5WrHbDFR4AaABAg,UCeDI7ioWTCSOuV2uWYX6glQ,2025-10-19T19:28:51Z,2025-10-19T19:28:51Z,9,Ha! I didn‚Äôt catch that! üòÇ,cWgBs2I51_w,0.5399
Ugx2cDqfCPo5WrHbDFR4AaABAg.AOTbC5NmfbAAOTlwqCY4Rq,Ugx2cDqfCPo5WrHbDFR4AaABAg,UCMfQVKF5okGrUrxwuXXX6TA,2025-10-19T20:26:13Z,2025-10-19T20:26:13Z,36,"Heard it, he already had the script written in head",cWgBs2I51_w,0.0
Ugx2cDqfCPo5WrHbDFR4AaABAg.AOTbC5NmfbAAOUbWh_8zBB,Ugx2cDqfCPo5WrHbDFR4AaABAg,UC4MfeiY3cKa1jk4FSeBUaZQ,2025-10-20T04:14:23Z,2025-10-20T04:14:23Z,2,Haha,cWgBs2I51_w,0.4588
Ugx5ie80Jw3bKK-jRS94AaABAg.AOTbWIUvEDdAOTqiLCxfur,Ugx5ie80Jw3bKK-jRS94AaABAg,UCOTm8xUa9eUgQVGBz9nVVNA,2025-10-19T21:07:56Z,2025-10-19T21:07:56Z,0,Finally!!!!,cWgBs2I51_w,0.0
Ugx5ie80Jw3bKK-jRS94AaABAg.AOTbWIUvEDdAOTrsqYa5b0,Ugx5ie80Jw3bKK-jRS94AaABAg,UCvwGUM84pvXjEtUm0D_UHzw,2025-10-19T21:18:06Z,2025-10-19T21:18:06Z,1,The pole the legen‚ù§,cWgBs2I51_w,0.6369
Ugx3X81-1_uhG2j61_B4AaABAg.AOTZppqiZUnAOVbCpZWkXW,Ugx3X81-1_uhG2j61_B4AaABAg,UC4TTK5IC--StvRj59qPOJRg,2025-10-20T13:30:54Z,2025-10-20T13:30:54Z,0,liverfool,cWgBs2I51_w,0.0
UgyRSJ15Hb0AubEXKs54AaABAg.AOTb1BKYuaJAOTm3SZfA36,UgyRSJ15Hb0AubEXKs54AaABAg,UCqSG-L_ttDx0E594VMAnXZg,2025-10-19T20:27:15Z,2025-10-19T20:27:15Z,3,The chosen one,cWgBs2I51_w,0.0
UgzrLPXIpmnjOf2xDuh4AaABAg.AOTnuWg6EdnAOUc9BxAI9O,UgzrLPXIpmnjOf2xDuh4AaABAg,UCXg8ZTW-0-sXL12y8lSCrQQ,2025-10-20T04:19:54Z,2025-10-20T04:19:54Z,0,Totally!,cWgBs2I51_w,0.0
UgzrLPXIpmnjOf2xDuh4AaABAg.AOTnuWg6EdnAOWBD5DGgSw,UgzrLPXIpmnjOf2xDuh4AaABAg,UCSxPHnmDtx9wPLecaHzRJnQ,2025-10-20T18:54:15Z,2025-10-20T18:54:15Z,0,It‚Äôs unreal how quality he is.,cWgBs2I51_w,0.0
UgzrLPXIpmnjOf2xDuh4AaABAg.AOTnuWg6EdnAOux_DbDEeD,UgzrLPXIpmnjOf2xDuh4AaABAg,UC5m1JX86QmwgDC9ovOMA5jQ,2025-10-30T19:06:35Z,2025-10-30T19:06:35Z,1,He doesn‚Äôt get enough credit for how brilliant he is. Bet you keane is mighty quiet about all that leadership nonsensse,cWgBs2I51_w,0.7506
UgwOkf6GzILmq2Be6Tx4AaABAg.AOTZnVhJehfAOTk0h320HW,UgwOkf6GzILmq2Be6Tx4AaABAg,UCAjx6zgw1B-1EvutexGRDng,2025-10-19T20:09:24Z,2025-10-19T20:09:24Z,5,Broke anfield 20match win record,cWgBs2I51_w,0.25
UgwOkf6GzILmq2Be6Tx4AaABAg.AOTZnVhJehfAOVQDmQBv15,UgwOkf6GzILmq2Be6Tx4AaABAg,UCm9pRppvKaw6BjDyYgUoXfw,2025-10-20T11:46:10Z,2025-10-20T11:46:10Z,2,Slot machine has broken,cWgBs2I51_w,-0.4767
UgxNJdd9gubfUWlMt3R4AaABAg.AOTYqP2omgBAOTZJzL_YBy,UgxNJdd9gubfUWlMt3R4AaABAg,UCrlhVfoQ1bx3do7VzUrSb5g,2025-10-19T18:27:11Z,2025-10-19T18:29:25Z,90,"Nah, Nunez would‚Äôve had the header right on the goal line and bounces for the rebound and still miss. You can‚Äôt beat the GOAT at his own game",cWgBs2I51_w,-0.25
UgxNJdd9gubfUWlMt3R4AaABAg.AOTYqP2omgBAOTZa5boTbr,UgxNJdd9gubfUWlMt3R4AaABAg,UCbhxg4sv9nOxDiELcOoa_vA,2025-10-19T18:29:31Z,2025-10-19T18:29:31Z,23,No penalties for the ghost of Egypt PalahüòÇüòÇüòÇ.,cWgBs2I51_w,0.6369
UgxNJdd9gubfUWlMt3R4AaABAg.AOTYqP2omgBAOT_VSZcDhp,UgxNJdd9gubfUWlMt3R4AaABAg,UC655dEr4M9Yzmf84h1oSokg,2025-10-19T18:37:29Z,2025-10-19T18:37:29Z,16,"He was terrible, chiesa needs to play at all times",cWgBs2I51_w,-0.1779
UgxNJdd9gubfUWlMt3R4AaABAg.AOTYqP2omgBAOT_uFVO6FV,UgxNJdd9gubfUWlMt3R4AaABAg,UCrlhVfoQ1bx3do7VzUrSb5g,2025-10-19T18:41:00Z,2025-10-19T18:41:17Z,23,‚Å†@tnix80bro DEFINITELY didn‚Äôt watch the game. He was one of the best players on the pitch.,cWgBs2I51_w,0.824
UgxNJdd9gubfUWlMt3R4AaABAg.AOTYqP2omgBAOTaDs91H9W,UgxNJdd9gubfUWlMt3R4AaABAg,UCbhxg4sv9nOxDiELcOoa_vA,2025-10-19T18:43:49Z,2025-10-19T18:43:49Z,25,@tnix80Chiesa needs to play on the right. Gakpo was terrible at finishing but he was your best player. Liverpool fans and their ‚Äúmost humble fan base‚Äù act is so fake it‚Äôs funny. So deluded.,cWgBs2I51_w,0.7997
UgxNJdd9gubfUWlMt3R4AaABAg.AOTYqP2omgBAOTbMxniB5x,UgxNJdd9gubfUWlMt3R4AaABAg,UCDY2s8aRGo2nLClP4EarTxg,2025-10-19T18:53:48Z,2025-10-19T18:53:48Z,0,HAHAHAHAHAHAHAHAH!!! oh man that's a cruel analogy,cWgBs2I51_w,-0.6884
UgxNJdd9gubfUWlMt3R4AaABAg.AOTYqP2omgBAOTbm14dy7D,UgxNJdd9gubfUWlMt3R4AaABAg,UCxlGW_95VR0Vj1h_ubN_lGQ,2025-10-19T18:57:22Z,2025-10-19T18:57:22Z,16,"@tnix80he was not terrible , he had 1 bad header that he should‚Äôve scored but he hit the post 3 times this game and they were class shots",cWgBs2I51_w,-0.1212
UgxNJdd9gubfUWlMt3R4AaABAg.AOTYqP2omgBAOTcIZeSFUm,UgxNJdd9gubfUWlMt3R4AaABAg,UCObve-sBAqk0grxIZlQmbVQ,2025-10-19T19:01:56Z,2025-10-19T19:01:56Z,13,"‚Äã@tnix80Just because he didn't make all of his shots didn't mean he was ""terrible"". Gakpo was the only one playing out there like he wanted to win the game.",cWgBs2I51_w,0.6124
UgxNJdd9gubfUWlMt3R4AaABAg.AOTYqP2omgBAOTcf4agAyQ,UgxNJdd9gubfUWlMt3R4AaABAg,UCUrWgVODq_hi5fNoUoPArXw,2025-10-19T19:05:09Z,2025-10-19T19:05:09Z,1,‚Äã@tnix80he's your best playerüòÇüòÇüòÇüòÇ,cWgBs2I51_w,0.9413
UgxNJdd9gubfUWlMt3R4AaABAg.AOTYqP2omgBAOTd5F9ofUH,UgxNJdd9gubfUWlMt3R4AaABAg,UCJc0H6QdGKla8VF46QsRl1g,2025-10-19T19:08:52Z,2025-10-19T19:08:52Z,0,"@Alexander-le1bv He is an AVERAGE player who usually gets lucky and most of his goals as you said are PK. Last season Li-VAR-pool had no competition whatsoever, they ran away with it, because Li-VAR-pool had no injuries at all, while Arsenal and City had devastating injuries to most of their players, salh won the golden boot because Haaland was injured for six weeks and Mbumo was also out for a while, plus as we all know, 60% of salah goals are PK",cWgBs2I51_w,-0.5994
UgxNJdd9gubfUWlMt3R4AaABAg.AOTYqP2omgBAOTdBqYvT7Q,UgxNJdd9gubfUWlMt3R4AaABAg,UCJc0H6QdGKla8VF46QsRl1g,2025-10-19T19:09:45Z,2025-10-19T19:09:45Z,0,"@MercwtmMCFC Yea, that's why he was substituted. HA HA HA. Li-VAR-pool is exposed",cWgBs2I51_w,0.7154
UgxNJdd9gubfUWlMt3R4AaABAg.AOTYqP2omgBAOTebnU9ynj,UgxNJdd9gubfUWlMt3R4AaABAg,UC5ZbJon6bFI07c0OOIxwU0g,2025-10-19T19:22:10Z,2025-10-19T19:22:10Z,19,Naw gakpo was the only Liverpool player doing anything. He just got unlucky on those 3 croosbar hits. Also why isnt Nunez playing and Why arent you talking trash about the horrible play of Isaak!!!,cWgBs2I51_w,-0.5526
UgxNJdd9gubfUWlMt3R4AaABAg.AOTYqP2omgBAOTee5OwFXr,UgxNJdd9gubfUWlMt3R4AaABAg,UClr5ofIAe4zgphlwrixnQyA,2025-10-19T19:22:29Z,2025-10-19T19:22:29Z,4,"AND DIAZ KEEP SCORING AT BAYERN M√úNCHEN ! WE TOLD SLOT , DON'T SALE DIAZ ! NOW , HE IS LYING ABOUT DIAZ !",cWgBs2I51_w,-0.7192
UgxNJdd9gubfUWlMt3R4AaABAg.AOTYqP2omgBAOThWx63a9j,UgxNJdd9gubfUWlMt3R4AaABAg,UC6p5-7PyDDFd6UaTqOWFCjA,2025-10-19T19:47:35Z,2025-10-19T19:47:35Z,0,Who else scored for Liverpool today?,cWgBs2I51_w,0.0
UgxNJdd9gubfUWlMt3R4AaABAg.AOTYqP2omgBAOTiPpskNXZ,UgxNJdd9gubfUWlMt3R4AaABAg,UCJc0H6QdGKla8VF46QsRl1g,2025-10-19T19:55:22Z,2025-10-19T19:55:22Z,0,@kieranclarke4373 VAR was looking for a reason to give Li-VAR-pool a PK so that salah would score. Any more questions?,cWgBs2I51_w,0.0
UgxNJdd9gubfUWlMt3R4AaABAg.AOTYqP2omgBAOToXRRfBlv,UgxNJdd9gubfUWlMt3R4AaABAg,UCREIJCNJOEXPr-dbKWQdzuw,2025-10-19T20:48:49Z,2025-10-19T20:48:49Z,0,One trick pony.,cWgBs2I51_w,-0.0516
UgxNJdd9gubfUWlMt3R4AaABAg.AOTYqP2omgBAOTsj2NItH8,UgxNJdd9gubfUWlMt3R4AaABAg,UCLn4LTdx9_Jpq9SSHCZpJHw,2025-10-19T21:25:30Z,2025-10-19T21:25:30Z,3,@mannieandrade9218 Nunez was sold üòÇ but don‚Äôt follow the league he‚Äôs in so not sure if he‚Äôs a starter or not.,cWgBs2I51_w,-0.2289
UgxNJdd9gubfUWlMt3R4AaABAg.AOTYqP2omgBAOTyjWrtYcb,UgxNJdd9gubfUWlMt3R4AaABAg,UC6SzPz2g8pqg_i86SY2meeg,2025-10-19T22:18:00Z,2025-10-19T22:18:00Z,2,‚Äã@mannieandrade9218Madness. Gakpo did absolutely nothing besides that tap in and missed chance after chance. Chiesa should be starting over him.,cWgBs2I51_w,0.2023
UgxNJdd9gubfUWlMt3R4AaABAg.AOTYqP2omgBAOUCsT9Ebtr,UgxNJdd9gubfUWlMt3R4AaABAg,UC0mN-6132yvE6eKfYAk1N7Q,2025-10-20T00:30:17Z,2025-10-20T00:30:17Z,0,Thinking that exact same thing‚Ä¶,cWgBs2I51_w,0.0
UgxNJdd9gubfUWlMt3R4AaABAg.AOTYqP2omgBAOUHzZrNQ7Z,UgxNJdd9gubfUWlMt3R4AaABAg,UCU1NgQRqOseS6JwvyV-d70Q,2025-10-20T01:14:57Z,2025-10-20T01:14:57Z,0,"@Alexander-le1bv I don't get why hate on him, he has a plethora of highlights you would dream to have, he is a great player imo",cWgBs2I51_w,0.8441
UgxNJdd9gubfUWlMt3R4AaABAg.AOTYqP2omgBAOUMemli1TY,UgxNJdd9gubfUWlMt3R4AaABAg,UCPw8aY9aSgNf4pQxNao-X3g,2025-10-20T01:55:48Z,2025-10-20T01:55:48Z,0,"Gakpo sucks he missed too many chances period , Diaz should‚Äôve started over him o wait he was sold hahah",cWgBs2I51_w,-0.4404
UgxNJdd9gubfUWlMt3R4AaABAg.AOTYqP2omgBAOUQo9upXxo,UgxNJdd9gubfUWlMt3R4AaABAg,UCQE9Wu3NVeucq00YxsyUL1w,2025-10-20T02:32:02Z,2025-10-20T02:32:02Z,0,@bakf≈±ty what did slot say about Diaz?,cWgBs2I51_w,0.0
UgxNJdd9gubfUWlMt3R4AaABAg.AOTYqP2omgBAOUeit6ZE-s,UgxNJdd9gubfUWlMt3R4AaABAg,UC1Zk2NGwAcceiNJ8_1T9AfA,2025-10-20T04:42:23Z,2025-10-20T04:42:23Z,1,cap. nunez never scored,cWgBs2I51_w,0.0
UgyIB9CrFyAEyH5h_yR4AaABAg.AOTtWYMd1jtAOU0dpRrljM,UgyIB9CrFyAEyH5h_yR4AaABAg,UCg64D1vVVuD6-IvF_9YsEZQ,2025-10-19T22:43:26Z,2025-10-19T22:43:26Z,31,They did the same thing to Sadio Mane. Apparently the budget means nothing until they want it to.,cWgBs2I51_w,-0.0572
UgyIB9CrFyAEyH5h_yR4AaABAg.AOTtWYMd1jtAOUNm15qg8l,UgyIB9CrFyAEyH5h_yR4AaABAg,UCPw8aY9aSgNf4pQxNao-X3g,2025-10-20T02:05:32Z,2025-10-20T02:05:32Z,9,Terrible management,cWgBs2I51_w,-0.4767
UgyIB9CrFyAEyH5h_yR4AaABAg.AOTtWYMd1jtAOUX_fwo4X-,UgyIB9CrFyAEyH5h_yR4AaABAg,UCBOsZyaCzLasAhmIaKvNL2w,2025-10-20T03:31:13Z,2025-10-20T03:31:31Z,10,"Yes, even Darwin looks good now ! Of the new signings only Ekitike has played decent.",cWgBs2I51_w,0.807
UgyIB9CrFyAEyH5h_yR4AaABAg.AOTtWYMd1jtAOUn5vl1lmL,UgyIB9CrFyAEyH5h_yR4AaABAg,UCzd9eehZsjkpT7FS9vDiJ5w,2025-10-20T05:55:34Z,2025-10-20T05:55:34Z,4,Watch Diaz win the WC  too üòÖ,cWgBs2I51_w,0.743
UgyIB9CrFyAEyH5h_yR4AaABAg.AOTtWYMd1jtAOVmGvBYQSM,UgyIB9CrFyAEyH5h_yR4AaABAg,UC6O6xJgWLOpWH4rgIrzYGfw,2025-10-20T15:07:35Z,2025-10-20T15:07:35Z,0,What a dumb comment. The level of the Bundesliga is way worse and everyone knows that.,cWgBs2I51_w,-0.7506
UgyIB9CrFyAEyH5h_yR4AaABAg.AOTtWYMd1jtAOVrOh_WElB,UgyIB9CrFyAEyH5h_yR4AaABAg,UCCET9sdU5xVD-Bb-bA6e4pA,2025-10-20T15:52:20Z,2025-10-20T15:52:20Z,7,"@Cicero-r3zso, that way Liverpool loose 4 consecutive games?",cWgBs2I51_w,-0.3182
UgyIB9CrFyAEyH5h_yR4AaABAg.AOTtWYMd1jtAOYJUTTtnS-,UgyIB9CrFyAEyH5h_yR4AaABAg,UCurdCKrCqOQWtBXXEZ8ZAiw,2025-10-21T14:45:00Z,2025-10-21T14:45:00Z,0,@Cicero-r3zthis looks like a more dumb comment to me lol but okay üëåüèª Diaz is still a big loss to Liv and big gain for bayern,cWgBs2I51_w,0.9127
UgyIB9CrFyAEyH5h_yR4AaABAg.AOTtWYMd1jtAOZpkPkhpfh,UgyIB9CrFyAEyH5h_yR4AaABAg,UCJdlXZFWk7-7Yu_yRGuc6ew,2025-10-22T04:54:55Z,2025-10-22T04:54:55Z,0,"Bundesliga is way worse? And yet they signed 3 bundesliga players in ekitike, wirtz and frimpong. Make that make sense",cWgBs2I51_w,-0.4767
Ugy-sugnyBAdUJXM8HZ4AaABAg.AOT_VOCN-GIAOU99_hgrVa,Ugy-sugnyBAdUJXM8HZ4AaABAg,UCdl_AA50J0DpphgQtHB9kqw,2025-10-19T23:57:48Z,2025-10-19T23:57:48Z,2,"He gets an unfair rep, really.  Everyone says he plays for every team but United, but that's just untrue.

He plays for every team but Liverpool.",cWgBs2I51_w,0.6858
UgznDogVMTutiJYa8LF4AaABAg.AOTszN--RZsAOUEI9PxFYR,UgznDogVMTutiJYa8LF4AaABAg,UCnmSBqxKLT28fkI5hZ_7YyQ,2025-10-20T00:42:40Z,2025-10-20T00:42:40Z,2,Great?  FFS people are so emotional.,cWgBs2I51_w,0.1737
Ugy-0KI9-kD5KSEWG8p4AaABAg.AOTYh7ACJf8AOTg0bxtEpU,Ugy-0KI9-kD5KSEWG8p4AaABAg,UCBmOsM22t1FV5ZUfEz4N-zQ,2025-10-19T19:34:26Z,2025-10-19T19:34:26Z,2,Maguire ballon dor,cWgBs2I51_w,0.0
UgyYvBV7eE_mLidg2C14AaABAg.AOTfQq6VoCmAOTlaSi7_W4,UgyYvBV7eE_mLidg2C14AaABAg,UCSU8ZEml-bTfbcRmxjzTZXw,2025-10-19T20:23:10Z,2025-10-19T20:23:10Z,13,Completely agree with you. Lammens is a solid looking player,cWgBs2I51_w,0.5256
UgyYvBV7eE_mLidg2C14AaABAg.AOTfQq6VoCmAOU-RU0C-6t,UgyYvBV7eE_mLidg2C14AaABAg,UCP2xVBOCI--LnOwiw7z6_6w,2025-10-19T22:32:52Z,2025-10-19T22:32:52Z,9,"The commentators were horrendous the whole game, the bias is unhinged at times",cWgBs2I51_w,-0.6369
UgyYvBV7eE_mLidg2C14AaABAg.AOTfQq6VoCmAOU3hNuPO5X,UgyYvBV7eE_mLidg2C14AaABAg,UCDQ6ILB_m3E7SW5hgNek3WA,2025-10-19T23:10:08Z,2025-10-19T23:10:08Z,6,that pissed me off saying it was lucky üòÇüòÇ,cWgBs2I51_w,0.5267
UgyYvBV7eE_mLidg2C14AaABAg.AOTfQq6VoCmAOUWDV3YwRO,UgyYvBV7eE_mLidg2C14AaABAg,UCOQec0sBV2pXyduaCRINRew,2025-10-20T03:19:19Z,2025-10-20T03:19:19Z,1,I love Lammens,cWgBs2I51_w,0.6369
UgyYvBV7eE_mLidg2C14AaABAg.AOTfQq6VoCmAOUnjj7L9Be,UgyYvBV7eE_mLidg2C14AaABAg,UClqQrOmzgofkzRcRvkYUkdg,2025-10-20T06:01:09Z,2025-10-20T06:01:09Z,4,"Totally agree, coming out would have been a huge 50/50 gamble of who gets there first, not to mention the risk of giving away a penalty. Lammens played that perfectly",cWgBs2I51_w,0.8399
UgyYvBV7eE_mLidg2C14AaABAg.AOTfQq6VoCmAOUsqTWVZ82,UgyYvBV7eE_mLidg2C14AaABAg,UCK7CRjxFnKU590mZ5ixcJVg,2025-10-20T06:45:45Z,2025-10-20T06:45:45Z,0,‚Äã@jabrondestoroyahI swear,cWgBs2I51_w,-0.0516
UgyYvBV7eE_mLidg2C14AaABAg.AOTfQq6VoCmAOVnm5hv_-Q,UgyYvBV7eE_mLidg2C14AaABAg,UCFpElp2Efaq2MfG0BjRg0Sg,2025-10-20T15:20:42Z,2025-10-20T15:20:42Z,0,"Yeah, the pace of the ball was too fast. Best stay put.",cWgBs2I51_w,0.7506
UgyYvBV7eE_mLidg2C14AaABAg.AOTfQq6VoCmAOVoFkOBeQV,UgyYvBV7eE_mLidg2C14AaABAg,UCUljV96a0U7Q917tqRiVCZQ,2025-10-20T15:24:54Z,2025-10-20T15:24:54Z,0,"@AndresAKAShockz exactly.  He‚Äôd be in a foot race with one of the quickest strikers in the league.  Coming out and clearing it cleanly would have been hugely impressive, certainly isn‚Äôt the obvious decision here.",cWgBs2I51_w,0.688
UgyYvBV7eE_mLidg2C14AaABAg.AOTfQq6VoCmAOW4189zBMn,UgyYvBV7eE_mLidg2C14AaABAg,UCbkbC9GDQN9XIGOv2JGia1g,2025-10-20T17:51:27Z,2025-10-20T17:51:27Z,0,Agree but he probably should have come out to collect that ball. Don‚Äôt even let Isak get the opportunity,cWgBs2I51_w,0.6652
UgxrM-li8BQeuIPFbA54AaABAg.AOTd4u2VRwbAOTm579PALT,UgxrM-li8BQeuIPFbA54AaABAg,UCqSG-L_ttDx0E594VMAnXZg,2025-10-19T20:27:29Z,2025-10-19T20:27:29Z,7,With his massive forehead,cWgBs2I51_w,0.0
UgxrM-li8BQeuIPFbA54AaABAg.AOTd4u2VRwbAOTnth5MLSZ,UgxrM-li8BQeuIPFbA54AaABAg,UCRoFDn2UoMBvdWyKnxsQozQ,2025-10-19T20:43:16Z,2025-10-19T20:43:31Z,1,@nbayern7000BIG noggin,cWgBs2I51_w,0.0
UgziTyR2VksS1rguc0p4AaABAg.AOTZtRCXD0wAOTl1yW8l2j,UgziTyR2VksS1rguc0p4AaABAg,UClc0dM57SWHv8cfzWsliiHg,2025-10-19T20:18:19Z,2025-10-19T20:18:19Z,1,People will fs remember him for a long time,cWgBs2I51_w,0.0
Ugx7ALzvHUgQdMAB4wB4AaABAg.AOTYtz2SrA8AOThIWaQQn3,Ugx7ALzvHUgQdMAB4wB4AaABAg,UCIOnsEzlT0otmDD1JaG9H8w,2025-10-19T19:45:37Z,2025-10-19T19:45:37Z,3,Bro they‚Äôve literally only won 2 games in a row calm down üòÇüòÇ,cWgBs2I51_w,0.8957
Ugx7ALzvHUgQdMAB4wB4AaABAg.AOTYtz2SrA8AOTi0e1FZvn,Ugx7ALzvHUgQdMAB4wB4AaABAg,UCXmRgXi3T85UUO5BMmoECSQ,2025-10-19T19:51:55Z,2025-10-19T19:51:55Z,2,@ezziieetho5816okay and? We got our first away win of the season and we won at anfield for the first time in 10 years and some other club couldn‚Äôt do that. So what about that bro.,cWgBs2I51_w,0.8176
Ugx7ALzvHUgQdMAB4wB4AaABAg.AOTYtz2SrA8AOTiN6wYQe1,Ugx7ALzvHUgQdMAB4wB4AaABAg,UCIOnsEzlT0otmDD1JaG9H8w,2025-10-19T19:54:59Z,2025-10-19T19:54:59Z,0,"@ManUtd-2285bro it‚Äôs united, do you know how big their history is and we out here flexing beating one of the worst liverpools we seen in a while ?",cWgBs2I51_w,-0.6486
Ugx7ALzvHUgQdMAB4wB4AaABAg.AOTYtz2SrA8AOTii5_W6X1,Ugx7ALzvHUgQdMAB4wB4AaABAg,UCXmRgXi3T85UUO5BMmoECSQ,2025-10-19T19:57:59Z,2025-10-19T19:57:59Z,1,@ezziieetho5816what‚Äôs that supposed to mean? ‚ÄúWe out here flexing beating liverpools we seen in a while‚Äù what are you even saying like that doesn‚Äôt make sense.,cWgBs2I51_w,-0.128
Ugx7ALzvHUgQdMAB4wB4AaABAg.AOTYtz2SrA8AOTjPIC8ftC,Ugx7ALzvHUgQdMAB4wB4AaABAg,UCAjx6zgw1B-1EvutexGRDng,2025-10-19T20:04:01Z,2025-10-19T20:04:01Z,0,@ezziieetho5816 they won the title last year,cWgBs2I51_w,0.5719
Ugx7ALzvHUgQdMAB4wB4AaABAg.AOTYtz2SrA8AOUY8eJ9tUY,Ugx7ALzvHUgQdMAB4wB4AaABAg,UCjiKizfJ9v2cR_MvNDVL8tw,2025-10-20T03:36:08Z,2025-10-20T03:36:08Z,0,‚Å†@ezziieetho5816Streaks are meant to be broken. It happens to everyone even to the best of clubs,cWgBs2I51_w,0.2732
UgxiYNFapeIa7SL2kOp4AaABAg.AOTZRxUCg5GAOTgV2Ga0EC,UgxiYNFapeIa7SL2kOp4AaABAg,UCBmOsM22t1FV5ZUfEz4N-zQ,2025-10-19T19:38:36Z,2025-10-19T19:38:36Z,0,Ikr,cWgBs2I51_w,0.0
UgyYw478_10bEGs0F-14AaABAg.AOTZMeQhmloAOTZnG2fAbW,UgyYw478_10bEGs0F-14AaABAg,UCZTuhHmRxRp6RXEBG3reJMQ,2025-10-19T18:31:19Z,2025-10-19T18:31:19Z,40,Precisely.,cWgBs2I51_w,0.0
UgyYw478_10bEGs0F-14AaABAg.AOTZMeQhmloAOT_nx5JXe4,UgyYw478_10bEGs0F-14AaABAg,UCCC9_8F0DkPeFOTk_RCTdDA,2025-10-19T18:40:09Z,2025-10-19T18:40:09Z,5,One game dude,cWgBs2I51_w,0.0
UgyYw478_10bEGs0F-14AaABAg.AOTZMeQhmloAOT_yEYae1j,UgyYw478_10bEGs0F-14AaABAg,UCZGjfJyYYOehBoTfM157rzg,2025-10-19T18:41:33Z,2025-10-19T18:41:33Z,86,‚Äã@natef1212 nope it's been 4 games in a row,cWgBs2I51_w,0.0
UgyYw478_10bEGs0F-14AaABAg.AOTZMeQhmloAOT_ytNd_GO,UgyYw478_10bEGs0F-14AaABAg,UCzJnsXRY2MqgLU7Gh1vs-2g,2025-10-19T18:41:38Z,2025-10-19T18:41:38Z,0,@natef12124 games,cWgBs2I51_w,0.0
UgyYw478_10bEGs0F-14AaABAg.AOTZMeQhmloAOT_zioMqUB,UgyYw478_10bEGs0F-14AaABAg,UCXHJ2tmRRvvjQavhBtvcQYw,2025-10-19T18:41:45Z,2025-10-19T18:41:45Z,47,@natef1212they have lost four straight in all competitions stop being a blind follower and see through a neutral eyes,cWgBs2I51_w,-0.6486
UgyYw478_10bEGs0F-14AaABAg.AOTZMeQhmloAOTa1Wq4xRo,UgyYw478_10bEGs0F-14AaABAg,UClCrF6LTJRBVNz-NZMoDqVQ,2025-10-19T18:42:08Z,2025-10-19T18:42:08Z,36,@natef1212been like this since may 2025 when they played trash the lasy 4 games but everyone said it didn't matter. they played trash the whole beginning of the season aswell.,cWgBs2I51_w,-0.0554
UgyYw478_10bEGs0F-14AaABAg.AOTZMeQhmloAOTa3aUnZR-,UgyYw478_10bEGs0F-14AaABAg,UCdtVIb11LH2Tb_3MbEqti2A,2025-10-19T18:42:25Z,2025-10-19T18:42:25Z,3,@natef1212it‚Äôs been literally 4‚Ä¶ lol,cWgBs2I51_w,0.4215
UgyYw478_10bEGs0F-14AaABAg.AOTZMeQhmloAOTa60LHllA,UgyYw478_10bEGs0F-14AaABAg,UCOIqhYJGx2VJtTQs1opyFCw,2025-10-19T18:42:45Z,2025-10-19T18:42:45Z,3,"@natef1212 It's been 4 games already,.",cWgBs2I51_w,0.0
UgyYw478_10bEGs0F-14AaABAg.AOTZMeQhmloAOTaC_-8PEs,UgyYw478_10bEGs0F-14AaABAg,UCEPZk9_4AyCpzjwPEyGm_zg,2025-10-19T18:43:39Z,2025-10-19T18:43:39Z,11,Gakpo off by centimeters on 4 good looks is not Slot's fault.,cWgBs2I51_w,0.6319
UgyYw478_10bEGs0F-14AaABAg.AOTZMeQhmloAOTaXvQIwL7,UgyYw478_10bEGs0F-14AaABAg,UCdtVIb11LH2Tb_3MbEqti2A,2025-10-19T18:46:33Z,2025-10-19T18:46:33Z,8,@michaell3756but maybe losing 4 of the last 4 might be? When do you begin to blame the manager? ü§î,cWgBs2I51_w,-0.6553
UgyYw478_10bEGs0F-14AaABAg.AOTZMeQhmloAOTea6RxHwG,UgyYw478_10bEGs0F-14AaABAg,UCGG10LcEq8XSenkkXdpoEGA,2025-10-19T19:21:57Z,2025-10-19T19:21:57Z,2,"4 in a row is too much coincidence, real bad decision to let the back up keeper go, too much money on Isaac, Frimpong is too slow, way lesser player than Bradley, , line up 10 and 8 ? Big mistake when they don‚Äôt like each other‚Äôs passes or selves, Hugo can‚Äôt dribble anymore,   Should I keep going,  ok.  2 more losses and bald head is out for early season greetings",cWgBs2I51_w,-0.5563
UgyYw478_10bEGs0F-14AaABAg.AOTZMeQhmloAOTfAzLOoZV,UgyYw478_10bEGs0F-14AaABAg,UCIrF0EHRDSAnONMemmlB7qQ,2025-10-19T19:27:07Z,2025-10-19T19:27:27Z,14,"To be fair to Slot and Amorim, neither of them got what they asked for in the Summer Transfer Window:

Arne Slot wanted a long-term Van Dijk successor and balanced recruitment, but was overruled in favor of splashing ¬£241m on Isak and Wirtz, despite his preference for defensive stability. It's likely he feels pressured to play Isak over Ekiteke despite performance. 

Amorim sought energetic midfield reinforcements like Martin Zubimendi or Adam Wharton, but instead was handed Sesko, Cunha and Mbeumo, luxury attackers who disrupted team cohesion and forced key players out of position.",cWgBs2I51_w,0.5574
UgyYw478_10bEGs0F-14AaABAg.AOTZMeQhmloAOThNhFIk1Y,UgyYw478_10bEGs0F-14AaABAg,UCsU6xMsdsmmQ7IkMWm-VNKg,2025-10-19T19:46:20Z,2025-10-19T19:46:20Z,2,@natef1212 One game? What planet are you on Slot living on? Sounds devoid of oxygen.,cWgBs2I51_w,0.0
UgyYw478_10bEGs0F-14AaABAg.AOTZMeQhmloAOThl8O4e0C,UgyYw478_10bEGs0F-14AaABAg,UCpqnAWxvxjRUtxmVdDXn_vw,2025-10-19T19:49:40Z,2025-10-19T19:49:40Z,6,The guy literally won the premier last year whats all this hate about üòÖ,cWgBs2I51_w,0.2083
UgyYw478_10bEGs0F-14AaABAg.AOTZMeQhmloAOTjDWGEyrj,UgyYw478_10bEGs0F-14AaABAg,UCbFipKDvCoeB-ncObRu075w,2025-10-19T20:02:25Z,2025-10-19T20:02:25Z,11,"I agree 100 percent, Klopp gave Slot a strong team. He did not make any changes last year and he won the companionship. This year with over 500 million dollars spent,  Liverpool looks very weak. The subs we had the last 30 minutes last year, were trouble makers for the opposition defense and created tons of  chances. They are all gone and sadly one passed away. Let‚Äôs get back to basics‚Ä¶.defense wins championship. Full stop!",cWgBs2I51_w,0.8689
UgyYw478_10bEGs0F-14AaABAg.AOTZMeQhmloAOTkViJ2GgB,UgyYw478_10bEGs0F-14AaABAg,UCvClf-lDSIRYHFu0Qbm1tAw,2025-10-19T20:13:38Z,2025-10-19T20:13:38Z,2,"Yep I'm done with Slot, unless there is a big shift he needs to go.",cWgBs2I51_w,0.296
UgyYw478_10bEGs0F-14AaABAg.AOTZMeQhmloAOTmTLoG_bX,UgyYw478_10bEGs0F-14AaABAg,UCEHKuHDFhqTZFxb7yVI72dQ,2025-10-19T20:30:47Z,2025-10-19T20:30:47Z,1,‚Äã@natef1212at least know what your talking about,cWgBs2I51_w,0.0
UgyYw478_10bEGs0F-14AaABAg.AOTZMeQhmloAOTnHnAvabS,UgyYw478_10bEGs0F-14AaABAg,UCTYw7Jz8OFnPEpfBOBajIhg,2025-10-19T20:37:57Z,2025-10-19T21:08:43Z,3,"‚Äã‚Äã@MrVvulfIn both cases though, they were right to still these players, with United so far being vindicated. Sesko and Mbeumo are scoring goals that Rashford and Garnacho stopped doing at United, and Salah (now 33) was THE biggest reason they won the league, so getting a good front line with Nunez, Diaz, and Jota (RIP) all being gone, they needed to get offensive layers who scored goals.",cWgBs2I51_w,0.8916
UgyYw478_10bEGs0F-14AaABAg.AOTZMeQhmloAOToVdLHO4K,UgyYw478_10bEGs0F-14AaABAg,UCIrF0EHRDSAnONMemmlB7qQ,2025-10-19T20:48:35Z,2025-10-19T20:48:35Z,1,"@spongeaang98 I didn't say they were universally poor choices, but they didn't align with what the managers wanted.  Neither has been able to fix issues the teams also had last year.  Correct signings might have helped address the holes.",cWgBs2I51_w,-0.2617
UgyYw478_10bEGs0F-14AaABAg.AOTZMeQhmloAOTrBynxMWb,UgyYw478_10bEGs0F-14AaABAg,UCTYw7Jz8OFnPEpfBOBajIhg,2025-10-19T21:12:06Z,2025-10-19T21:12:06Z,3,"‚Äã@MrVvulfTrue. And if United had someone like Adam Wharton, Carlos Baleba, Tyler Adams, or Ederson in that midfield, they'd be easily top 4 right now. We saw the system finally work against a top team full of 11 players, but a revamped midfield would make Amorim's side sing.

But Rashford and Garnacho just were not consistently getting it done and United have been struggling for YEARS to find  world class forwards in their prime years. SJR had to empty the clip to finally get something right. I think that's getting fixed next season for sure.",cWgBs2I51_w,0.7096
UgyYw478_10bEGs0F-14AaABAg.AOTZMeQhmloAOTrQv1-BVC,UgyYw478_10bEGs0F-14AaABAg,UCTYw7Jz8OFnPEpfBOBajIhg,2025-10-19T21:14:09Z,2025-10-19T21:14:09Z,3,"‚Äã@MrVvulf And I warned Liverpool fans about sticking with Salah and Van Dijk. Ruthless to let them go for free, but they failed them by thinking two dudes in their mid 30s could still perform at this level. It's why Klopp created an entirely new midfield before he retired, their legs weren't up to it anymore. Liverpool dragging their feet for Guehi was horribly sloppy considering how cheap he was.",cWgBs2I51_w,-0.7876
UgyYw478_10bEGs0F-14AaABAg.AOTZMeQhmloAOTs8cFmAbr,UgyYw478_10bEGs0F-14AaABAg,UCjQo5hkDeXbxBXsyDkBiVgA,2025-10-19T21:20:23Z,2025-10-19T21:20:23Z,5,"Honestly, the only reason Liverpool won the league last year was because other big teams were having their worst seasons out of unfortunate circumstance or were just terrible compared to where they should be",cWgBs2I51_w,-0.5423
UgyYw478_10bEGs0F-14AaABAg.AOTZMeQhmloAOU5fui4XmY,UgyYw478_10bEGs0F-14AaABAg,UC3aXdWSLDhCO0afvBIejbWw,2025-10-19T23:27:24Z,2025-10-19T23:27:24Z,1,‚Äã@RogerJohnson-b1yexactly this,cWgBs2I51_w,0.0
UgyYw478_10bEGs0F-14AaABAg.AOTZMeQhmloAOUIsuIIizS,UgyYw478_10bEGs0F-14AaABAg,UCbA-ocg6C3UMXU72VsHv-Mg,2025-10-20T01:22:46Z,2025-10-20T01:22:46Z,1,‚Äã@mr.dasslerNo more Klopp's notes left to read perhaps,cWgBs2I51_w,0.0
UgyYw478_10bEGs0F-14AaABAg.AOTZMeQhmloAOUIvFmSAo1,UgyYw478_10bEGs0F-14AaABAg,UCbA-ocg6C3UMXU72VsHv-Mg,2025-10-20T01:23:06Z,2025-10-20T01:23:06Z,0,No more Klopp's notes left to read perhaps,cWgBs2I51_w,-0.296
UgyYw478_10bEGs0F-14AaABAg.AOTZMeQhmloAOUJH4Hxjt3,UgyYw478_10bEGs0F-14AaABAg,UCbA-ocg6C3UMXU72VsHv-Mg,2025-10-20T01:26:13Z,2025-10-20T01:26:13Z,0,‚Äã@spongeaang98blah blah... The truth is there are no more Klopp's notes left for Sloth to read.,cWgBs2I51_w,-0.0772
UgyYw478_10bEGs0F-14AaABAg.AOTZMeQhmloAOUJHzV04fv,UgyYw478_10bEGs0F-14AaABAg,UCbA-ocg6C3UMXU72VsHv-Mg,2025-10-20T01:26:20Z,2025-10-20T01:26:20Z,0,‚Äã@MrVvulfblah blah... The truth is there are no more Klopp's notes left for Sloth to read.,cWgBs2I51_w,-0.0772
UgyYw478_10bEGs0F-14AaABAg.AOTZMeQhmloAOURZIrMNss,UgyYw478_10bEGs0F-14AaABAg,UCpQ7gaPt2w3N2ZlflkSO7Ow,2025-10-20T02:38:36Z,2025-10-20T02:38:36Z,1,"@1UnderParhe just won you the league last season mate calm down, you pool fans are already turning on a winning manager is so funny to me üòÇ",cWgBs2I51_w,0.9436
UgyYw478_10bEGs0F-14AaABAg.AOTZMeQhmloAOUU_Raj221,UgyYw478_10bEGs0F-14AaABAg,UCVQahVQoqvX3KZefRtzA-iA,2025-10-20T03:04:58Z,2025-10-20T03:04:58Z,0,@anjo8049 Because he spent $500 M and has somehow made teh team worse. And because the other team that won the league was following the tactics and system Klopp set.,cWgBs2I51_w,0.1531
UgyYw478_10bEGs0F-14AaABAg.AOTZMeQhmloAOUW2JlfEbK,UgyYw478_10bEGs0F-14AaABAg,UCOQec0sBV2pXyduaCRINRew,2025-10-20T03:17:48Z,2025-10-20T03:17:48Z,0,"@MrVvulfI agree we needed a midfielder like Wharton or Baleba or Ederson, but I‚Äôm also glad we bought Cunha, Sesko and Mbeumo too, they‚Äôve been great",cWgBs2I51_w,0.9209
UgyYw478_10bEGs0F-14AaABAg.AOTZMeQhmloAOUZNmMxRM7,UgyYw478_10bEGs0F-14AaABAg,UCIrF0EHRDSAnONMemmlB7qQ,2025-10-20T03:46:56Z,2025-10-20T03:46:56Z,0,"@Espeo Sesko, Mbeumo, Cunha, Lammens, all good signings.  But it also created the situation where Bruno is playing out of place, and you've got Casemiro's old legs and Ugarte's lack of skill in midfield.",cWgBs2I51_w,0.4019
UgyYw478_10bEGs0F-14AaABAg.AOTZMeQhmloAOUZxMGVKVm,UgyYw478_10bEGs0F-14AaABAg,UCOQec0sBV2pXyduaCRINRew,2025-10-20T03:51:56Z,2025-10-20T03:51:56Z,1,"@MrVvulfTrue, hopefully January brings a midfield signing",cWgBs2I51_w,0.4019
UgyYw478_10bEGs0F-14AaABAg.AOTZMeQhmloAOUiKbTOdvB,UgyYw478_10bEGs0F-14AaABAg,UCGSHmzHOtsC9NCc2k0QiPyQ,2025-10-20T05:13:53Z,2025-10-20T05:13:53Z,1,"@RogerJohnson-b1y  liverpool were miles ahead of anyone in the table last season. because of good performances. not to mention slot only lost once in 30 matches. but yeah, they were 'terrible'",cWgBs2I51_w,-0.2617
UgyYw478_10bEGs0F-14AaABAg.AOTZMeQhmloAOUngihiZND,UgyYw478_10bEGs0F-14AaABAg,UCTYw7Jz8OFnPEpfBOBajIhg,2025-10-20T06:00:44Z,2025-10-20T06:00:44Z,0,"‚Äã@anuraghale2632When you hand someone a Ferrari almost fresh off the lot, you can expect it to still go fast. Slot inherited a team that was still at their relative peak with a completely revamped midfield, using a similar style to their previous coach. It's not hard if you have a 1000 piece puzzle and someone already put in 900 of them.",cWgBs2I51_w,0.6708
UgyYw478_10bEGs0F-14AaABAg.AOTZMeQhmloAOc4BWXNnUp,UgyYw478_10bEGs0F-14AaABAg,UCvClf-lDSIRYHFu0Qbm1tAw,2025-10-23T11:07:33Z,2025-10-23T11:07:33Z,0,‚Äã@evanevanevanevanevanevanhe won with Klopps team,cWgBs2I51_w,0.5719
